HXUpEZKfqjg@gmail.com,CREATE,2024-10-04 12:12:01
WSbGEouWSRK@ya.ru,READ,2024-10-04 18:49:09
FFkWUG@gmail.com,DELETE,2024-10-04 03:11:12
aRrtQbOU@ya.ru,CREATE,2024-10-04 19:00:48
aRSCyKfPTcYCY@ya.ru,READ,2024-10-04 23:18:31
MTWclDOxHHze@mail.ru,READ,2024-10-04 04:59:17
aRrtQbOU@ya.ru,UPDATE,2024-10-04 07:17:52
DWYlWGvum@gmail.com,UPDATE,2024-10-04 09:34:57
HXUpEZKfqjg@gmail.com,CREATE,2024-10-04 06:39:07
kbLqOqJVL@gmail.com,READ,2024-10-04 21:18:16
FFkWUG@gmail.com,READ,2024-10-04 12:05:04
qeRSs@gmail.com,CREATE,2024-10-04 09:13:38
HXUpEZKfqjg@gmail.com,UPDATE,2024-10-04 11:17:26
FFkWUG@gmail.com,UPDATE,2024-10-04 13:59:15
HXUpEZKfqjg@gmail.com,READ,2024-10-04 04:45:25
rAKOlO@gmail.com,UPDATE,2024-10-04 00:01:25
rAKOlO@gmail.com,READ,2024-10-04 08:06:43
qeRSs@gmail.com,CREATE,2024-10-04 05:02:11
aRrtQbOU@ya.ru,CREATE,2024-10-04 15:39:23
WSbGEouWSRK@ya.ru,CREATE,2024-10-04 14:03:00
HXUpEZKfqjg@gmail.com,CREATE,2024-10-04 14:57:54
FFkWUG@gmail.com,READ,2024-10-04 08:15:43
rAKOlO@gmail.com,UPDATE,2024-10-04 19:02:28
aRrtQbOU@ya.ru,READ,2024-10-04 12:25:56
DWYlWGvum@gmail.com,DELETE,2024-10-04 09:24:48
kbLqOqJVL@gmail.com,UPDATE,2024-10-04 14:07:46
aRSCyKfPTcYCY@ya.ru,DELETE,2024-10-04 21:21:09
HXUpEZKfqjg@gmail.com,DELETE,2024-10-04 17:25:12
qeRSs@gmail.com,UPDATE,2024-10-04 16:16:37
HXUpEZKfqjg@gmail.com,READ,2024-10-04 00:02:30
rAKOlO@gmail.com,DELETE,2024-10-04 18:46:26
FFkWUG@gmail.com,DELETE,2024-10-04 04:58:29
DWYlWGvum@gmail.com,CREATE,2024-10-04 13:47:40
kbLqOqJVL@gmail.com,READ,2024-10-04 22:04:48
qeRSs@gmail.com,READ,2024-10-04 22:37:26
HXUpEZKfqjg@gmail.com,DELETE,2024-10-04 08:23:27
WSbGEouWSRK@ya.ru,DELETE,2024-10-04 11:07:03
HXUpEZKfqjg@gmail.com,READ,2024-10-04 03:07:00
HXUpEZKfqjg@gmail.com,READ,2024-10-04 01:07:45
DWYlWGvum@gmail.com,DELETE,2024-10-04 23:46:12
HXUpEZKfqjg@gmail.com,READ,2024-10-04 09:43:59
aRSCyKfPTcYCY@ya.ru,UPDATE,2024-10-04 23:08:21
DWYlWGvum@gmail.com,DELETE,2024-10-04 11:48:36
aRSCyKfPTcYCY@ya.ru,DELETE,2024-10-04 17:22:18
HXUpEZKfqjg@gmail.com,READ,2024-10-04 02:23:38
qeRSs@gmail.com,CREATE,2024-10-04 19:22:12
MTWclDOxHHze@mail.ru,CREATE,2024-10-04 07:46:20
qeRSs@gmail.com,CREATE,2024-10-04 04:44:55
FFkWUG@gmail.com,DELETE,2024-10-04 19:24:53
WSbGEouWSRK@ya.ru,CREATE,2024-10-04 18:12:25
aRrtQbOU@ya.ru,UPDATE,2024-10-04 21:09:06
DWYlWGvum@gmail.com,UPDATE,2024-10-04 00:39:45
qeRSs@gmail.com,CREATE,2024-10-04 05:54:15
aRrtQbOU@ya.ru,UPDATE,2024-10-04 04:23:49
FFkWUG@gmail.com,UPDATE,2024-10-04 20:08:12
MTWclDOxHHze@mail.ru,CREATE,2024-10-04 12:04:16
FFkWUG@gmail.com,READ,2024-10-04 06:39:53
FFkWUG@gmail.com,DELETE,2024-10-04 07:37:57
aRSCyKfPTcYCY@ya.ru,DELETE,2024-10-04 05:23:14
kbLqOqJVL@gmail.com,DELETE,2024-10-04 13:20:25
kbLqOqJVL@gmail.com,READ,2024-10-04 16:27:02
MTWclDOxHHze@mail.ru,CREATE,2024-10-04 15:39:06
WSbGEouWSRK@ya.ru,DELETE,2024-10-04 01:24:57
FFkWUG@gmail.com,READ,2024-10-04 23:46:59
FFkWUG@gmail.com,UPDATE,2024-10-04 12:48:15
kbLqOqJVL@gmail.com,UPDATE,2024-10-04 18:18:01
rAKOlO@gmail.com,READ,2024-10-04 14:03:28
rAKOlO@gmail.com,CREATE,2024-10-04 22:29:28
FFkWUG@gmail.com,READ,2024-10-04 02:30:30
MTWclDOxHHze@mail.ru,READ,2024-10-04 14:33:25
rAKOlO@gmail.com,CREATE,2024-10-04 04:21:18
kbLqOqJVL@gmail.com,CREATE,2024-10-04 10:09:20
FFkWUG@gmail.com,DELETE,2024-10-04 00:07:55
DWYlWGvum@gmail.com,UPDATE,2024-10-04 01:37:07
rAKOlO@gmail.com,UPDATE,2024-10-04 01:24:02
WSbGEouWSRK@ya.ru,DELETE,2024-10-04 23:36:32
aRSCyKfPTcYCY@ya.ru,UPDATE,2024-10-04 20:07:44
DWYlWGvum@gmail.com,CREATE,2024-10-04 03:13:23
DWYlWGvum@gmail.com,UPDATE,2024-10-04 22:44:03
WSbGEouWSRK@ya.ru,DELETE,2024-10-04 03:24:09
WSbGEouWSRK@ya.ru,DELETE,2024-10-04 17:53:54
MTWclDOxHHze@mail.ru,READ,2024-10-04 13:39:12
rAKOlO@gmail.com,DELETE,2024-10-04 01:39:53
kbLqOqJVL@gmail.com,UPDATE,2024-10-04 02:16:09
qeRSs@gmail.com,CREATE,2024-10-04 22:49:12
DWYlWGvum@gmail.com,UPDATE,2024-10-04 09:10:13
MTWclDOxHHze@mail.ru,UPDATE,2024-10-04 09:34:22
FFkWUG@gmail.com,READ,2024-10-04 05:31:09
FFkWUG@gmail.com,CREATE,2024-10-04 14:18:22
MTWclDOxHHze@mail.ru,CREATE,2024-10-04 01:17:20
kbLqOqJVL@gmail.com,DELETE,2024-10-04 11:33:24
DWYlWGvum@gmail.com,CREATE,2024-10-04 03:51:33
aRSCyKfPTcYCY@ya.ru,UPDATE,2024-10-04 21:37:39
aRrtQbOU@ya.ru,DELETE,2024-10-04 02:53:24
DWYlWGvum@gmail.com,CREATE,2024-10-04 01:08:16
aRSCyKfPTcYCY@ya.ru,READ,2024-10-04 08:37:40
MTWclDOxHHze@mail.ru,UPDATE,2024-10-04 15:19:59
HXUpEZKfqjg@gmail.com,READ,2024-10-04 02:09:40
kbLqOqJVL@gmail.com,DELETE,2024-10-04 06:14:19
qeRSs@gmail.com,CREATE,2024-10-04 13:21:44
aRSCyKfPTcYCY@ya.ru,UPDATE,2024-10-04 03:02:51
kbLqOqJVL@gmail.com,DELETE,2024-10-04 06:54:55
qeRSs@gmail.com,UPDATE,2024-10-04 08:40:49
WSbGEouWSRK@ya.ru,CREATE,2024-10-04 08:00:01
HXUpEZKfqjg@gmail.com,DELETE,2024-10-04 04:09:15
aRrtQbOU@ya.ru,DELETE,2024-10-04 06:02:23
DWYlWGvum@gmail.com,UPDATE,2024-10-04 18:17:42
aRSCyKfPTcYCY@ya.ru,CREATE,2024-10-04 19:43:28
kbLqOqJVL@gmail.com,DELETE,2024-10-04 09:24:09
WSbGEouWSRK@ya.ru,READ,2024-10-04 08:00:38
aRrtQbOU@ya.ru,UPDATE,2024-10-04 04:23:10
MTWclDOxHHze@mail.ru,READ,2024-10-04 18:03:58
aRrtQbOU@ya.ru,CREATE,2024-10-04 05:53:14
rAKOlO@gmail.com,CREATE,2024-10-04 07:07:30
WSbGEouWSRK@ya.ru,UPDATE,2024-10-04 09:36:32
FFkWUG@gmail.com,READ,2024-10-04 23:43:37
HXUpEZKfqjg@gmail.com,DELETE,2024-10-04 18:54:56
FFkWUG@gmail.com,CREATE,2024-10-04 16:21:43
MTWclDOxHHze@mail.ru,CREATE,2024-10-04 21:33:51
rAKOlO@gmail.com,DELETE,2024-10-04 04:56:57
HXUpEZKfqjg@gmail.com,CREATE,2024-10-04 09:16:53
aRSCyKfPTcYCY@ya.ru,UPDATE,2024-10-04 05:40:27
rAKOlO@gmail.com,CREATE,2024-10-04 18:24:10
HXUpEZKfqjg@gmail.com,UPDATE,2024-10-04 14:27:50
DWYlWGvum@gmail.com,READ,2024-10-04 13:55:59
MTWclDOxHHze@mail.ru,READ,2024-10-04 04:28:02
DWYlWGvum@gmail.com,DELETE,2024-10-04 19:07:18
HXUpEZKfqjg@gmail.com,READ,2024-10-04 03:20:02
aRrtQbOU@ya.ru,UPDATE,2024-10-04 04:15:37
qeRSs@gmail.com,UPDATE,2024-10-04 08:30:01
MTWclDOxHHze@mail.ru,READ,2024-10-04 21:57:54
rAKOlO@gmail.com,UPDATE,2024-10-04 18:13:22
HXUpEZKfqjg@gmail.com,READ,2024-10-04 17:57:56
WSbGEouWSRK@ya.ru,UPDATE,2024-10-04 14:29:04
HXUpEZKfqjg@gmail.com,UPDATE,2024-10-04 09:31:03
kbLqOqJVL@gmail.com,CREATE,2024-10-04 00:50:56
DWYlWGvum@gmail.com,DELETE,2024-10-04 06:11:09
FFkWUG@gmail.com,READ,2024-10-04 08:33:33
HXUpEZKfqjg@gmail.com,UPDATE,2024-10-04 06:22:57
DWYlWGvum@gmail.com,DELETE,2024-10-04 00:23:41
DWYlWGvum@gmail.com,DELETE,2024-10-04 08:03:51
HXUpEZKfqjg@gmail.com,READ,2024-10-04 13:29:04
qeRSs@gmail.com,DELETE,2024-10-04 12:22:36
HXUpEZKfqjg@gmail.com,CREATE,2024-10-04 22:40:41
kbLqOqJVL@gmail.com,UPDATE,2024-10-04 03:45:02
aRrtQbOU@ya.ru,DELETE,2024-10-04 11:59:01
DWYlWGvum@gmail.com,CREATE,2024-10-04 13:02:04
WSbGEouWSRK@ya.ru,DELETE,2024-10-04 14:48:07
aRrtQbOU@ya.ru,CREATE,2024-10-04 17:39:52
MTWclDOxHHze@mail.ru,READ,2024-10-04 19:47:44
FFkWUG@gmail.com,READ,2024-10-04 05:38:24
HXUpEZKfqjg@gmail.com,READ,2024-10-04 10:55:45
aRSCyKfPTcYCY@ya.ru,READ,2024-10-04 16:00:55
HXUpEZKfqjg@gmail.com,READ,2024-10-04 16:55:00
MTWclDOxHHze@mail.ru,CREATE,2024-10-04 18:22:10
rAKOlO@gmail.com,CREATE,2024-10-04 21:10:32
rAKOlO@gmail.com,CREATE,2024-10-04 10:00:50
WSbGEouWSRK@ya.ru,DELETE,2024-10-04 02:04:35
aRrtQbOU@ya.ru,DELETE,2024-10-04 09:35:39
DWYlWGvum@gmail.com,READ,2024-10-04 18:16:14
DWYlWGvum@gmail.com,UPDATE,2024-10-04 08:08:55
rAKOlO@gmail.com,CREATE,2024-10-04 19:52:04
HXUpEZKfqjg@gmail.com,CREATE,2024-10-04 00:55:57
MTWclDOxHHze@mail.ru,DELETE,2024-10-04 15:46:10
aRSCyKfPTcYCY@ya.ru,CREATE,2024-10-04 03:50:39
kbLqOqJVL@gmail.com,READ,2024-10-04 22:52:21
rAKOlO@gmail.com,UPDATE,2024-10-04 03:50:36
FFkWUG@gmail.com,DELETE,2024-10-04 14:48:58
kbLqOqJVL@gmail.com,DELETE,2024-10-04 18:54:27
aRSCyKfPTcYCY@ya.ru,UPDATE,2024-10-04 19:40:47
WSbGEouWSRK@ya.ru,READ,2024-10-04 17:40:08
MTWclDOxHHze@mail.ru,DELETE,2024-10-04 21:38:57
qeRSs@gmail.com,CREATE,2024-10-04 23:55:26
aRrtQbOU@ya.ru,READ,2024-10-04 16:37:20
DWYlWGvum@gmail.com,UPDATE,2024-10-04 00:53:36
WSbGEouWSRK@ya.ru,READ,2024-10-04 01:32:19
kbLqOqJVL@gmail.com,CREATE,2024-10-04 06:58:45
aRrtQbOU@ya.ru,UPDATE,2024-10-04 17:23:06
WSbGEouWSRK@ya.ru,READ,2024-10-04 14:20:01
FFkWUG@gmail.com,READ,2024-10-04 08:46:46
aRSCyKfPTcYCY@ya.ru,UPDATE,2024-10-04 00:23:48
FFkWUG@gmail.com,READ,2024-10-04 10:53:25
WSbGEouWSRK@ya.ru,UPDATE,2024-10-04 05:54:24
aRrtQbOU@ya.ru,UPDATE,2024-10-04 01:22:57
kbLqOqJVL@gmail.com,UPDATE,2024-10-04 13:07:22
HXUpEZKfqjg@gmail.com,UPDATE,2024-10-04 06:09:19
HXUpEZKfqjg@gmail.com,READ,2024-10-04 11:16:25
qeRSs@gmail.com,CREATE,2024-10-04 22:57:28
FFkWUG@gmail.com,READ,2024-10-04 15:43:49
aRSCyKfPTcYCY@ya.ru,DELETE,2024-10-04 06:18:08
qeRSs@gmail.com,DELETE,2024-10-04 19:24:10
DWYlWGvum@gmail.com,DELETE,2024-10-04 16:10:21
kbLqOqJVL@gmail.com,UPDATE,2024-10-04 01:01:26
HXUpEZKfqjg@gmail.com,UPDATE,2024-10-04 21:42:59
aRrtQbOU@ya.ru,CREATE,2024-10-04 08:29:04
aRrtQbOU@ya.ru,READ,2024-10-04 04:11:58
kbLqOqJVL@gmail.com,DELETE,2024-10-04 07:39:28
kbLqOqJVL@gmail.com,UPDATE,2024-10-04 13:31:01
DWYlWGvum@gmail.com,READ,2024-10-04 23:38:44
kbLqOqJVL@gmail.com,CREATE,2024-10-04 18:57:18
DWYlWGvum@gmail.com,UPDATE,2024-10-04 22:55:57
DWYlWGvum@gmail.com,CREATE,2024-10-04 19:00:56
MTWclDOxHHze@mail.ru,READ,2024-10-04 04:02:44
aRrtQbOU@ya.ru,READ,2024-10-04 11:36:11
FFkWUG@gmail.com,CREATE,2024-10-04 05:09:02
WSbGEouWSRK@ya.ru,CREATE,2024-10-04 00:41:47
HXUpEZKfqjg@gmail.com,CREATE,2024-10-04 20:17:20
DWYlWGvum@gmail.com,CREATE,2024-10-04 20:19:04
rAKOlO@gmail.com,DELETE,2024-10-04 14:12:28
aRSCyKfPTcYCY@ya.ru,CREATE,2024-10-04 03:03:46
aRrtQbOU@ya.ru,DELETE,2024-10-04 10:59:34
qeRSs@gmail.com,CREATE,2024-10-04 21:45:13
rAKOlO@gmail.com,CREATE,2024-10-04 08:02:17
aRrtQbOU@ya.ru,READ,2024-10-04 22:14:35
WSbGEouWSRK@ya.ru,UPDATE,2024-10-04 18:32:51
HXUpEZKfqjg@gmail.com,READ,2024-10-04 07:07:13
aRrtQbOU@ya.ru,DELETE,2024-10-04 12:24:32
kbLqOqJVL@gmail.com,READ,2024-10-04 03:11:41
aRSCyKfPTcYCY@ya.ru,READ,2024-10-04 15:29:33
WSbGEouWSRK@ya.ru,CREATE,2024-10-04 10:12:33
FFkWUG@gmail.com,CREATE,2024-10-04 19:11:43
qeRSs@gmail.com,CREATE,2024-10-04 15:21:13
qeRSs@gmail.com,READ,2024-10-04 12:00:45
MTWclDOxHHze@mail.ru,CREATE,2024-10-04 12:50:25
aRrtQbOU@ya.ru,CREATE,2024-10-04 04:40:39
DWYlWGvum@gmail.com,DELETE,2024-10-04 05:40:43
rAKOlO@gmail.com,DELETE,2024-10-04 04:39:34
HXUpEZKfqjg@gmail.com,DELETE,2024-10-04 13:08:25
FFkWUG@gmail.com,CREATE,2024-10-04 11:51:49
qeRSs@gmail.com,CREATE,2024-10-04 01:54:19
qeRSs@gmail.com,UPDATE,2024-10-04 02:10:34
kbLqOqJVL@gmail.com,UPDATE,2024-10-04 13:33:35
WSbGEouWSRK@ya.ru,READ,2024-10-04 08:16:37
qeRSs@gmail.com,UPDATE,2024-10-04 06:18:54
WSbGEouWSRK@ya.ru,CREATE,2024-10-04 06:01:39
DWYlWGvum@gmail.com,READ,2024-10-04 16:57:46
qeRSs@gmail.com,READ,2024-10-04 02:25:32
rAKOlO@gmail.com,DELETE,2024-10-04 22:40:11
kbLqOqJVL@gmail.com,DELETE,2024-10-04 08:22:23
rAKOlO@gmail.com,CREATE,2024-10-04 05:47:48
aRSCyKfPTcYCY@ya.ru,CREATE,2024-10-04 04:00:22
WSbGEouWSRK@ya.ru,READ,2024-10-04 20:43:41
HXUpEZKfqjg@gmail.com,CREATE,2024-10-04 16:22:30
DWYlWGvum@gmail.com,READ,2024-10-04 05:16:27
WSbGEouWSRK@ya.ru,UPDATE,2024-10-04 15:11:52
aRSCyKfPTcYCY@ya.ru,READ,2024-10-04 22:21:32
qeRSs@gmail.com,READ,2024-10-04 10:27:41
FFkWUG@gmail.com,READ,2024-10-04 23:48:18
rAKOlO@gmail.com,CREATE,2024-10-04 05:03:36
DWYlWGvum@gmail.com,UPDATE,2024-10-04 13:11:51
FFkWUG@gmail.com,UPDATE,2024-10-04 20:53:50
FFkWUG@gmail.com,UPDATE,2024-10-04 10:37:46
DWYlWGvum@gmail.com,CREATE,2024-10-04 16:45:01
HXUpEZKfqjg@gmail.com,UPDATE,2024-10-04 19:31:40
FFkWUG@gmail.com,CREATE,2024-10-04 16:45:32
WSbGEouWSRK@ya.ru,CREATE,2024-10-04 08:23:08
rAKOlO@gmail.com,DELETE,2024-10-04 06:53:56
aRrtQbOU@ya.ru,CREATE,2024-10-04 12:40:01
FFkWUG@gmail.com,CREATE,2024-10-04 07:31:32
aRrtQbOU@ya.ru,CREATE,2024-10-04 18:25:33
aRSCyKfPTcYCY@ya.ru,UPDATE,2024-10-04 02:57:48
FFkWUG@gmail.com,READ,2024-10-04 15:51:17
aRrtQbOU@ya.ru,UPDATE,2024-10-04 14:45:05
FFkWUG@gmail.com,CREATE,2024-10-04 17:13:35
FFkWUG@gmail.com,DELETE,2024-10-04 18:59:00
aRrtQbOU@ya.ru,UPDATE,2024-10-04 09:11:48
DWYlWGvum@gmail.com,CREATE,2024-10-04 18:38:13
aRSCyKfPTcYCY@ya.ru,READ,2024-10-04 18:28:01
MTWclDOxHHze@mail.ru,UPDATE,2024-10-04 01:05:19
DWYlWGvum@gmail.com,DELETE,2024-10-04 18:51:00
DWYlWGvum@gmail.com,CREATE,2024-10-04 00:57:12
DWYlWGvum@gmail.com,READ,2024-10-04 19:28:47
DWYlWGvum@gmail.com,DELETE,2024-10-04 18:15:19
qeRSs@gmail.com,CREATE,2024-10-04 05:39:08
aRSCyKfPTcYCY@ya.ru,READ,2024-10-04 08:13:05
qeRSs@gmail.com,DELETE,2024-10-04 08:41:18
kbLqOqJVL@gmail.com,UPDATE,2024-10-04 07:22:00
DWYlWGvum@gmail.com,UPDATE,2024-10-04 11:21:05
DWYlWGvum@gmail.com,CREATE,2024-10-04 21:34:24
MTWclDOxHHze@mail.ru,READ,2024-10-04 04:08:15
aRSCyKfPTcYCY@ya.ru,DELETE,2024-10-04 01:55:59
HXUpEZKfqjg@gmail.com,CREATE,2024-10-04 01:24:40
aRSCyKfPTcYCY@ya.ru,CREATE,2024-10-04 17:19:53
MTWclDOxHHze@mail.ru,READ,2024-10-04 02:22:22
DWYlWGvum@gmail.com,CREATE,2024-10-04 21:36:12
aRrtQbOU@ya.ru,CREATE,2024-10-04 01:39:36
DWYlWGvum@gmail.com,CREATE,2024-10-04 08:22:49
FFkWUG@gmail.com,UPDATE,2024-10-04 00:02:35
HXUpEZKfqjg@gmail.com,UPDATE,2024-10-04 14:39:59
aRrtQbOU@ya.ru,READ,2024-10-04 04:25:28
MTWclDOxHHze@mail.ru,READ,2024-10-04 15:07:23
WSbGEouWSRK@ya.ru,DELETE,2024-10-04 10:12:12
qeRSs@gmail.com,READ,2024-10-04 22:11:39
MTWclDOxHHze@mail.ru,CREATE,2024-10-04 02:53:58
WSbGEouWSRK@ya.ru,CREATE,2024-10-04 14:21:06
MTWclDOxHHze@mail.ru,UPDATE,2024-10-04 16:07:55
FFkWUG@gmail.com,CREATE,2024-10-04 11:29:31
qeRSs@gmail.com,DELETE,2024-10-04 10:28:16
MTWclDOxHHze@mail.ru,UPDATE,2024-10-04 10:02:19
FFkWUG@gmail.com,CREATE,2024-10-04 15:17:51
kbLqOqJVL@gmail.com,DELETE,2024-10-04 04:04:13
WSbGEouWSRK@ya.ru,DELETE,2024-10-04 19:35:54
aRrtQbOU@ya.ru,UPDATE,2024-10-04 22:55:03
aRrtQbOU@ya.ru,UPDATE,2024-10-04 12:28:58
rAKOlO@gmail.com,DELETE,2024-10-04 15:15:21
kbLqOqJVL@gmail.com,UPDATE,2024-10-04 05:38:07
MTWclDOxHHze@mail.ru,UPDATE,2024-10-04 22:51:39
aRrtQbOU@ya.ru,READ,2024-10-04 16:04:07
FFkWUG@gmail.com,DELETE,2024-10-04 17:32:22
FFkWUG@gmail.com,CREATE,2024-10-04 01:01:19
rAKOlO@gmail.com,DELETE,2024-10-04 08:42:01
WSbGEouWSRK@ya.ru,DELETE,2024-10-04 02:26:29
HXUpEZKfqjg@gmail.com,DELETE,2024-10-04 07:39:17
aRSCyKfPTcYCY@ya.ru,READ,2024-10-04 13:51:43
aRrtQbOU@ya.ru,READ,2024-10-04 13:48:01
MTWclDOxHHze@mail.ru,CREATE,2024-10-04 11:09:41
aRSCyKfPTcYCY@ya.ru,READ,2024-10-04 07:42:34
aRrtQbOU@ya.ru,CREATE,2024-10-04 02:35:44
rAKOlO@gmail.com,DELETE,2024-10-04 06:49:08
aRrtQbOU@ya.ru,READ,2024-10-04 06:21:51
DWYlWGvum@gmail.com,CREATE,2024-10-04 20:27:19
kbLqOqJVL@gmail.com,UPDATE,2024-10-04 19:03:02
aRrtQbOU@ya.ru,CREATE,2024-10-04 20:29:28
aRSCyKfPTcYCY@ya.ru,UPDATE,2024-10-04 00:35:54
HXUpEZKfqjg@gmail.com,READ,2024-10-04 21:22:50
HXUpEZKfqjg@gmail.com,READ,2024-10-04 15:26:29
kbLqOqJVL@gmail.com,CREATE,2024-10-04 14:43:39
aRrtQbOU@ya.ru,CREATE,2024-10-04 05:13:27
FFkWUG@gmail.com,UPDATE,2024-10-04 23:51:35
MTWclDOxHHze@mail.ru,UPDATE,2024-10-04 04:45:41
qeRSs@gmail.com,UPDATE,2024-10-04 19:02:54
qeRSs@gmail.com,CREATE,2024-10-04 14:08:08
DWYlWGvum@gmail.com,DELETE,2024-10-04 20:38:17
rAKOlO@gmail.com,UPDATE,2024-10-04 12:39:26
MTWclDOxHHze@mail.ru,READ,2024-10-04 12:09:00
rAKOlO@gmail.com,DELETE,2024-10-04 20:42:43
rAKOlO@gmail.com,DELETE,2024-10-04 06:29:47
kbLqOqJVL@gmail.com,DELETE,2024-10-04 08:01:12
kbLqOqJVL@gmail.com,UPDATE,2024-10-04 08:10:18
HXUpEZKfqjg@gmail.com,READ,2024-10-04 03:35:42
kbLqOqJVL@gmail.com,CREATE,2024-10-04 01:25:07
WSbGEouWSRK@ya.ru,CREATE,2024-10-04 13:05:01
aRSCyKfPTcYCY@ya.ru,READ,2024-10-04 21:43:07
HXUpEZKfqjg@gmail.com,UPDATE,2024-10-04 01:27:26
MTWclDOxHHze@mail.ru,READ,2024-10-04 18:35:24
MTWclDOxHHze@mail.ru,UPDATE,2024-10-04 20:36:45
HXUpEZKfqjg@gmail.com,CREATE,2024-10-04 23:58:35
MTWclDOxHHze@mail.ru,UPDATE,2024-10-04 20:40:02
kbLqOqJVL@gmail.com,DELETE,2024-10-04 06:11:17
kbLqOqJVL@gmail.com,DELETE,2024-10-04 20:15:19
qeRSs@gmail.com,DELETE,2024-10-04 01:03:22
qeRSs@gmail.com,DELETE,2024-10-04 23:39:54
rAKOlO@gmail.com,UPDATE,2024-10-04 04:59:41
FFkWUG@gmail.com,DELETE,2024-10-04 20:24:06
MTWclDOxHHze@mail.ru,CREATE,2024-10-04 11:14:06
rAKOlO@gmail.com,CREATE,2024-10-04 08:25:53
MTWclDOxHHze@mail.ru,DELETE,2024-10-04 13:29:11
FFkWUG@gmail.com,UPDATE,2024-10-04 07:57:52
aRSCyKfPTcYCY@ya.ru,CREATE,2024-10-04 17:01:44
MTWclDOxHHze@mail.ru,UPDATE,2024-10-04 09:58:40
FFkWUG@gmail.com,DELETE,2024-10-04 19:41:35
HXUpEZKfqjg@gmail.com,DELETE,2024-10-04 08:37:10
qeRSs@gmail.com,CREATE,2024-10-04 23:09:36
kbLqOqJVL@gmail.com,READ,2024-10-04 19:44:46
WSbGEouWSRK@ya.ru,DELETE,2024-10-04 02:47:05
MTWclDOxHHze@mail.ru,DELETE,2024-10-04 03:47:35
rAKOlO@gmail.com,CREATE,2024-10-04 13:48:13
FFkWUG@gmail.com,READ,2024-10-04 07:36:11
FFkWUG@gmail.com,UPDATE,2024-10-04 11:02:59
rAKOlO@gmail.com,UPDATE,2024-10-04 11:45:44
DWYlWGvum@gmail.com,UPDATE,2024-10-04 21:05:39
qeRSs@gmail.com,UPDATE,2024-10-04 17:20:54
FFkWUG@gmail.com,DELETE,2024-10-04 00:44:14
DWYlWGvum@gmail.com,CREATE,2024-10-04 19:29:28
DWYlWGvum@gmail.com,UPDATE,2024-10-04 12:45:32
aRSCyKfPTcYCY@ya.ru,UPDATE,2024-10-04 13:26:15
kbLqOqJVL@gmail.com,UPDATE,2024-10-04 07:28:04
aRSCyKfPTcYCY@ya.ru,DELETE,2024-10-04 01:13:46
HXUpEZKfqjg@gmail.com,CREATE,2024-10-04 22:16:50
DWYlWGvum@gmail.com,DELETE,2024-10-04 15:04:52
MTWclDOxHHze@mail.ru,UPDATE,2024-10-04 02:13:42
FFkWUG@gmail.com,CREATE,2024-10-04 17:50:31
HXUpEZKfqjg@gmail.com,READ,2024-10-04 08:08:21
aRSCyKfPTcYCY@ya.ru,CREATE,2024-10-04 21:18:34
kbLqOqJVL@gmail.com,READ,2024-10-04 13:17:13
FFkWUG@gmail.com,DELETE,2024-10-04 20:58:11
rAKOlO@gmail.com,DELETE,2024-10-04 03:33:12
qeRSs@gmail.com,DELETE,2024-10-04 11:16:13
WSbGEouWSRK@ya.ru,UPDATE,2024-10-04 09:14:06
qeRSs@gmail.com,CREATE,2024-10-04 04:14:42
MTWclDOxHHze@mail.ru,READ,2024-10-04 11:37:18
DWYlWGvum@gmail.com,CREATE,2024-10-04 14:14:55
kbLqOqJVL@gmail.com,DELETE,2024-10-04 18:58:31
aRSCyKfPTcYCY@ya.ru,CREATE,2024-10-04 07:29:58
DWYlWGvum@gmail.com,CREATE,2024-10-04 03:11:14
MTWclDOxHHze@mail.ru,CREATE,2024-10-04 15:30:46
aRSCyKfPTcYCY@ya.ru,UPDATE,2024-10-04 01:58:47
DWYlWGvum@gmail.com,CREATE,2024-10-04 22:41:54
aRrtQbOU@ya.ru,CREATE,2024-10-04 08:19:30
WSbGEouWSRK@ya.ru,UPDATE,2024-10-04 18:35:43
aRrtQbOU@ya.ru,UPDATE,2024-10-04 18:56:42
kbLqOqJVL@gmail.com,READ,2024-10-04 07:29:36
WSbGEouWSRK@ya.ru,READ,2024-10-04 12:11:43
qeRSs@gmail.com,UPDATE,2024-10-04 11:55:41
FFkWUG@gmail.com,CREATE,2024-10-04 09:59:05
aRSCyKfPTcYCY@ya.ru,UPDATE,2024-10-04 23:21:33
DWYlWGvum@gmail.com,READ,2024-10-04 14:59:57
aRrtQbOU@ya.ru,DELETE,2024-10-04 19:27:46
kbLqOqJVL@gmail.com,DELETE,2024-10-04 04:53:45
qeRSs@gmail.com,DELETE,2024-10-04 19:51:10
aRrtQbOU@ya.ru,DELETE,2024-10-04 08:16:02
WSbGEouWSRK@ya.ru,CREATE,2024-10-04 07:54:46
aRrtQbOU@ya.ru,UPDATE,2024-10-04 21:58:56
DWYlWGvum@gmail.com,UPDATE,2024-10-04 08:07:13
kbLqOqJVL@gmail.com,UPDATE,2024-10-04 11:12:32
FFkWUG@gmail.com,DELETE,2024-10-04 15:55:38
MTWclDOxHHze@mail.ru,CREATE,2024-10-04 13:56:05
HXUpEZKfqjg@gmail.com,READ,2024-10-04 14:57:41
rAKOlO@gmail.com,DELETE,2024-10-04 21:00:24
aRrtQbOU@ya.ru,READ,2024-10-04 02:50:25
qeRSs@gmail.com,DELETE,2024-10-04 17:41:16
DWYlWGvum@gmail.com,DELETE,2024-10-04 13:03:00
DWYlWGvum@gmail.com,DELETE,2024-10-04 19:20:17
DWYlWGvum@gmail.com,CREATE,2024-10-04 18:35:02
HXUpEZKfqjg@gmail.com,CREATE,2024-10-04 11:06:07
rAKOlO@gmail.com,UPDATE,2024-10-04 22:41:14
FFkWUG@gmail.com,READ,2024-10-04 11:28:37
HXUpEZKfqjg@gmail.com,DELETE,2024-10-04 18:50:40
kbLqOqJVL@gmail.com,UPDATE,2024-10-04 17:20:41
rAKOlO@gmail.com,DELETE,2024-10-04 16:52:56
HXUpEZKfqjg@gmail.com,READ,2024-10-04 00:04:13
DWYlWGvum@gmail.com,CREATE,2024-10-04 16:45:10
HXUpEZKfqjg@gmail.com,DELETE,2024-10-04 13:36:39
WSbGEouWSRK@ya.ru,UPDATE,2024-10-04 14:37:26
kbLqOqJVL@gmail.com,CREATE,2024-10-04 11:30:35
FFkWUG@gmail.com,UPDATE,2024-10-04 07:52:20
FFkWUG@gmail.com,READ,2024-10-04 00:46:42
DWYlWGvum@gmail.com,READ,2024-10-04 00:51:18
MTWclDOxHHze@mail.ru,READ,2024-10-04 04:39:08
DWYlWGvum@gmail.com,DELETE,2024-10-04 00:51:10
DWYlWGvum@gmail.com,READ,2024-10-04 09:21:01
WSbGEouWSRK@ya.ru,READ,2024-10-04 13:07:49
rAKOlO@gmail.com,READ,2024-10-04 14:14:03
rAKOlO@gmail.com,UPDATE,2024-10-04 06:24:55
aRSCyKfPTcYCY@ya.ru,CREATE,2024-10-04 15:56:36
kbLqOqJVL@gmail.com,READ,2024-10-04 03:46:56
rAKOlO@gmail.com,UPDATE,2024-10-04 21:38:48
qeRSs@gmail.com,UPDATE,2024-10-04 05:12:58
kbLqOqJVL@gmail.com,CREATE,2024-10-04 10:26:27
MTWclDOxHHze@mail.ru,READ,2024-10-04 02:18:45
MTWclDOxHHze@mail.ru,DELETE,2024-10-04 04:41:33
MTWclDOxHHze@mail.ru,READ,2024-10-04 00:35:27
WSbGEouWSRK@ya.ru,UPDATE,2024-10-04 17:16:58
aRSCyKfPTcYCY@ya.ru,READ,2024-10-04 19:38:01
HXUpEZKfqjg@gmail.com,CREATE,2024-10-04 08:18:31
MTWclDOxHHze@mail.ru,READ,2024-10-04 04:18:57
FFkWUG@gmail.com,READ,2024-10-04 20:03:15
aRSCyKfPTcYCY@ya.ru,UPDATE,2024-10-04 20:20:24
rAKOlO@gmail.com,CREATE,2024-10-04 00:54:09
DWYlWGvum@gmail.com,UPDATE,2024-10-04 16:52:00
DWYlWGvum@gmail.com,DELETE,2024-10-04 05:03:54
rAKOlO@gmail.com,CREATE,2024-10-04 16:34:42
FFkWUG@gmail.com,READ,2024-10-04 15:14:14
aRrtQbOU@ya.ru,UPDATE,2024-10-04 04:01:29
qeRSs@gmail.com,READ,2024-10-04 13:38:02
kbLqOqJVL@gmail.com,CREATE,2024-10-04 00:35:12
MTWclDOxHHze@mail.ru,DELETE,2024-10-04 00:26:17
WSbGEouWSRK@ya.ru,UPDATE,2024-10-04 16:51:05
aRrtQbOU@ya.ru,CREATE,2024-10-04 15:41:02
WSbGEouWSRK@ya.ru,CREATE,2024-10-04 10:43:01
rAKOlO@gmail.com,CREATE,2024-10-04 15:35:29
qeRSs@gmail.com,DELETE,2024-10-04 02:26:04
aRSCyKfPTcYCY@ya.ru,CREATE,2024-10-04 23:10:49
DWYlWGvum@gmail.com,CREATE,2024-10-04 04:59:09
kbLqOqJVL@gmail.com,CREATE,2024-10-04 08:42:12
rAKOlO@gmail.com,DELETE,2024-10-04 05:56:31
aRrtQbOU@ya.ru,UPDATE,2024-10-04 18:31:03
qeRSs@gmail.com,UPDATE,2024-10-04 19:21:06
HXUpEZKfqjg@gmail.com,CREATE,2024-10-04 04:04:20
FFkWUG@gmail.com,UPDATE,2024-10-04 07:22:47
rAKOlO@gmail.com,READ,2024-10-04 03:41:52
aRSCyKfPTcYCY@ya.ru,UPDATE,2024-10-04 17:47:08
DWYlWGvum@gmail.com,DELETE,2024-10-04 01:25:08
FFkWUG@gmail.com,CREATE,2024-10-04 19:39:28
rAKOlO@gmail.com,DELETE,2024-10-04 05:00:26
qeRSs@gmail.com,CREATE,2024-10-04 10:48:50
FFkWUG@gmail.com,CREATE,2024-10-04 02:54:08
rAKOlO@gmail.com,CREATE,2024-10-04 09:29:32
HXUpEZKfqjg@gmail.com,DELETE,2024-10-04 19:02:12
DWYlWGvum@gmail.com,UPDATE,2024-10-04 03:21:30
HXUpEZKfqjg@gmail.com,DELETE,2024-10-04 10:29:42
kbLqOqJVL@gmail.com,DELETE,2024-10-04 21:47:20
FFkWUG@gmail.com,READ,2024-10-04 07:22:10
DWYlWGvum@gmail.com,UPDATE,2024-10-04 14:07:42
kbLqOqJVL@gmail.com,CREATE,2024-10-04 16:03:38
FFkWUG@gmail.com,UPDATE,2024-10-04 18:04:29
WSbGEouWSRK@ya.ru,READ,2024-10-04 14:40:36
qeRSs@gmail.com,DELETE,2024-10-04 03:54:07
FFkWUG@gmail.com,READ,2024-10-04 23:16:18
FFkWUG@gmail.com,UPDATE,2024-10-04 00:43:00
DWYlWGvum@gmail.com,DELETE,2024-10-04 09:50:24
FFkWUG@gmail.com,READ,2024-10-04 20:26:21
rAKOlO@gmail.com,CREATE,2024-10-04 10:25:16
WSbGEouWSRK@ya.ru,UPDATE,2024-10-04 11:00:29
HXUpEZKfqjg@gmail.com,DELETE,2024-10-04 22:14:15
rAKOlO@gmail.com,READ,2024-10-04 02:48:10
aRrtQbOU@ya.ru,CREATE,2024-10-04 18:55:19
qeRSs@gmail.com,DELETE,2024-10-04 22:28:10
HXUpEZKfqjg@gmail.com,UPDATE,2024-10-04 04:25:21
FFkWUG@gmail.com,DELETE,2024-10-04 18:21:06
MTWclDOxHHze@mail.ru,READ,2024-10-04 17:23:32
MTWclDOxHHze@mail.ru,UPDATE,2024-10-04 14:34:34
FFkWUG@gmail.com,READ,2024-10-04 19:47:38
HXUpEZKfqjg@gmail.com,READ,2024-10-04 02:05:52
rAKOlO@gmail.com,DELETE,2024-10-04 14:38:02
rAKOlO@gmail.com,CREATE,2024-10-04 23:42:03
rAKOlO@gmail.com,READ,2024-10-04 20:39:19
FFkWUG@gmail.com,DELETE,2024-10-04 03:06:12
MTWclDOxHHze@mail.ru,READ,2024-10-04 17:58:10
HXUpEZKfqjg@gmail.com,CREATE,2024-10-04 19:18:16
FFkWUG@gmail.com,READ,2024-10-04 05:39:19
rAKOlO@gmail.com,READ,2024-10-04 00:36:19
HXUpEZKfqjg@gmail.com,DELETE,2024-10-04 19:25:27
kbLqOqJVL@gmail.com,READ,2024-10-04 09:11:00
rAKOlO@gmail.com,UPDATE,2024-10-04 18:11:53
DWYlWGvum@gmail.com,DELETE,2024-10-04 01:05:49
HXUpEZKfqjg@gmail.com,UPDATE,2024-10-04 22:26:45
FFkWUG@gmail.com,DELETE,2024-10-04 15:35:40
rAKOlO@gmail.com,READ,2024-10-04 12:17:44
aRrtQbOU@ya.ru,CREATE,2024-10-04 23:19:29
FFkWUG@gmail.com,UPDATE,2024-10-04 07:28:30
aRrtQbOU@ya.ru,UPDATE,2024-10-04 17:37:54
FFkWUG@gmail.com,DELETE,2024-10-04 07:31:33
MTWclDOxHHze@mail.ru,READ,2024-10-04 21:19:39
aRSCyKfPTcYCY@ya.ru,CREATE,2024-10-04 13:10:03
aRSCyKfPTcYCY@ya.ru,UPDATE,2024-10-04 12:16:37
kbLqOqJVL@gmail.com,DELETE,2024-10-04 02:56:50
DWYlWGvum@gmail.com,UPDATE,2024-10-04 10:59:04
aRrtQbOU@ya.ru,CREATE,2024-10-04 20:31:31
MTWclDOxHHze@mail.ru,CREATE,2024-10-04 12:48:20
HXUpEZKfqjg@gmail.com,DELETE,2024-10-04 03:53:16
qeRSs@gmail.com,READ,2024-10-04 15:27:30
aRrtQbOU@ya.ru,DELETE,2024-10-04 19:34:11
aRSCyKfPTcYCY@ya.ru,READ,2024-10-04 20:34:26
aRSCyKfPTcYCY@ya.ru,UPDATE,2024-10-04 05:32:21
qeRSs@gmail.com,READ,2024-10-04 19:18:22
qeRSs@gmail.com,CREATE,2024-10-04 11:12:27
DWYlWGvum@gmail.com,CREATE,2024-10-04 15:02:17
rAKOlO@gmail.com,READ,2024-10-04 07:20:15
kbLqOqJVL@gmail.com,READ,2024-10-04 20:56:33
WSbGEouWSRK@ya.ru,CREATE,2024-10-04 08:34:07
aRrtQbOU@ya.ru,DELETE,2024-10-04 19:31:39
rAKOlO@gmail.com,CREATE,2024-10-04 21:23:28
WSbGEouWSRK@ya.ru,READ,2024-10-04 15:51:11
MTWclDOxHHze@mail.ru,UPDATE,2024-10-04 06:27:40
rAKOlO@gmail.com,READ,2024-10-04 11:59:43
DWYlWGvum@gmail.com,CREATE,2024-10-04 16:33:19
qeRSs@gmail.com,UPDATE,2024-10-04 17:08:14
MTWclDOxHHze@mail.ru,READ,2024-10-04 06:55:13
HXUpEZKfqjg@gmail.com,CREATE,2024-10-04 11:46:11
HXUpEZKfqjg@gmail.com,CREATE,2024-10-04 09:01:49
MTWclDOxHHze@mail.ru,UPDATE,2024-10-04 20:11:53
qeRSs@gmail.com,DELETE,2024-10-04 12:17:51
qeRSs@gmail.com,READ,2024-10-04 06:07:14
rAKOlO@gmail.com,UPDATE,2024-10-04 01:37:02
rAKOlO@gmail.com,UPDATE,2024-10-04 20:02:56
aRSCyKfPTcYCY@ya.ru,UPDATE,2024-10-04 00:55:57
HXUpEZKfqjg@gmail.com,UPDATE,2024-10-04 06:26:41
WSbGEouWSRK@ya.ru,CREATE,2024-10-04 17:32:25
qeRSs@gmail.com,UPDATE,2024-10-04 08:25:30
rAKOlO@gmail.com,CREATE,2024-10-04 11:29:31
kbLqOqJVL@gmail.com,CREATE,2024-10-04 14:25:06
DWYlWGvum@gmail.com,CREATE,2024-10-04 12:32:21
HXUpEZKfqjg@gmail.com,READ,2024-10-04 02:18:24
kbLqOqJVL@gmail.com,DELETE,2024-10-04 07:32:44
rAKOlO@gmail.com,CREATE,2024-10-04 02:02:31
aRrtQbOU@ya.ru,DELETE,2024-10-04 12:11:51
qeRSs@gmail.com,READ,2024-10-04 20:02:58
HXUpEZKfqjg@gmail.com,UPDATE,2024-10-04 23:53:47
FFkWUG@gmail.com,UPDATE,2024-10-04 04:30:54
rAKOlO@gmail.com,READ,2024-10-04 02:08:09
aRrtQbOU@ya.ru,DELETE,2024-10-04 17:27:10
FFkWUG@gmail.com,UPDATE,2024-10-04 17:30:38
aRrtQbOU@ya.ru,READ,2024-10-04 21:13:21
kbLqOqJVL@gmail.com,CREATE,2024-10-04 11:17:48
kbLqOqJVL@gmail.com,DELETE,2024-10-04 14:03:24
kbLqOqJVL@gmail.com,DELETE,2024-10-04 01:32:27
aRSCyKfPTcYCY@ya.ru,CREATE,2024-10-04 19:26:47
qeRSs@gmail.com,DELETE,2024-10-04 01:42:47
MTWclDOxHHze@mail.ru,CREATE,2024-10-04 19:49:17
HXUpEZKfqjg@gmail.com,DELETE,2024-10-04 12:02:15
MTWclDOxHHze@mail.ru,READ,2024-10-04 20:18:44
aRrtQbOU@ya.ru,UPDATE,2024-10-04 14:03:31
aRSCyKfPTcYCY@ya.ru,DELETE,2024-10-04 14:49:15
kbLqOqJVL@gmail.com,READ,2024-10-04 19:52:54
DWYlWGvum@gmail.com,CREATE,2024-10-04 02:20:10
aRSCyKfPTcYCY@ya.ru,READ,2024-10-04 13:19:50
rAKOlO@gmail.com,DELETE,2024-10-04 21:22:40
rAKOlO@gmail.com,READ,2024-10-04 23:29:47
aRSCyKfPTcYCY@ya.ru,UPDATE,2024-10-04 12:47:08
DWYlWGvum@gmail.com,CREATE,2024-10-04 09:56:29
DWYlWGvum@gmail.com,READ,2024-10-04 13:02:00
WSbGEouWSRK@ya.ru,CREATE,2024-10-04 12:07:55
MTWclDOxHHze@mail.ru,CREATE,2024-10-04 10:55:10
DWYlWGvum@gmail.com,CREATE,2024-10-04 08:54:59
qeRSs@gmail.com,UPDATE,2024-10-04 02:44:58
kbLqOqJVL@gmail.com,DELETE,2024-10-04 01:05:42
qeRSs@gmail.com,CREATE,2024-10-04 21:41:48
HXUpEZKfqjg@gmail.com,READ,2024-10-04 05:55:37
aRSCyKfPTcYCY@ya.ru,CREATE,2024-10-04 04:40:10
WSbGEouWSRK@ya.ru,CREATE,2024-10-04 16:20:43
FFkWUG@gmail.com,CREATE,2024-10-04 18:33:15
DWYlWGvum@gmail.com,CREATE,2024-10-04 11:23:04
WSbGEouWSRK@ya.ru,READ,2024-10-04 14:08:06
DWYlWGvum@gmail.com,UPDATE,2024-10-04 23:22:30
DWYlWGvum@gmail.com,READ,2024-10-04 05:48:35
qeRSs@gmail.com,READ,2024-10-04 18:03:17
FFkWUG@gmail.com,CREATE,2024-10-04 02:57:04
HXUpEZKfqjg@gmail.com,DELETE,2024-10-04 05:23:25
FFkWUG@gmail.com,UPDATE,2024-10-04 14:48:06
FFkWUG@gmail.com,READ,2024-10-04 13:27:27
aRrtQbOU@ya.ru,DELETE,2024-10-04 20:53:31
kbLqOqJVL@gmail.com,READ,2024-10-04 20:23:18
HXUpEZKfqjg@gmail.com,UPDATE,2024-10-04 05:37:48
qeRSs@gmail.com,DELETE,2024-10-04 23:09:02
aRrtQbOU@ya.ru,CREATE,2024-10-04 18:18:19
kbLqOqJVL@gmail.com,CREATE,2024-10-04 07:12:40
qeRSs@gmail.com,UPDATE,2024-10-04 00:30:33
MTWclDOxHHze@mail.ru,UPDATE,2024-10-04 06:57:49
rAKOlO@gmail.com,UPDATE,2024-10-04 04:15:20
qeRSs@gmail.com,CREATE,2024-10-04 11:41:07
aRSCyKfPTcYCY@ya.ru,DELETE,2024-10-04 10:05:51
MTWclDOxHHze@mail.ru,UPDATE,2024-10-04 02:02:11
DWYlWGvum@gmail.com,CREATE,2024-10-04 21:36:33
DWYlWGvum@gmail.com,CREATE,2024-10-04 04:47:30
WSbGEouWSRK@ya.ru,READ,2024-10-04 01:18:58
MTWclDOxHHze@mail.ru,DELETE,2024-10-04 18:24:24
aRrtQbOU@ya.ru,CREATE,2024-10-04 15:39:56
kbLqOqJVL@gmail.com,CREATE,2024-10-04 13:41:46
aRSCyKfPTcYCY@ya.ru,READ,2024-10-04 00:33:05
aRrtQbOU@ya.ru,READ,2024-10-04 18:53:21
MTWclDOxHHze@mail.ru,READ,2024-10-04 01:31:15
qeRSs@gmail.com,READ,2024-10-04 06:25:59
DWYlWGvum@gmail.com,CREATE,2024-10-04 11:12:40
aRSCyKfPTcYCY@ya.ru,CREATE,2024-10-04 18:53:48
kbLqOqJVL@gmail.com,UPDATE,2024-10-04 04:53:47
FFkWUG@gmail.com,CREATE,2024-10-04 00:35:27
qeRSs@gmail.com,CREATE,2024-10-04 04:00:23
qeRSs@gmail.com,READ,2024-10-04 03:40:31
rAKOlO@gmail.com,DELETE,2024-10-04 09:00:19
aRSCyKfPTcYCY@ya.ru,READ,2024-10-04 00:52:43
rAKOlO@gmail.com,UPDATE,2024-10-04 02:00:38
DWYlWGvum@gmail.com,UPDATE,2024-10-04 14:29:34
rAKOlO@gmail.com,UPDATE,2024-10-04 13:06:12
aRSCyKfPTcYCY@ya.ru,READ,2024-10-04 07:26:50
rAKOlO@gmail.com,CREATE,2024-10-04 22:46:30
kbLqOqJVL@gmail.com,CREATE,2024-10-04 00:27:29
FFkWUG@gmail.com,READ,2024-10-04 21:03:12
FFkWUG@gmail.com,UPDATE,2024-10-04 02:45:40
kbLqOqJVL@gmail.com,CREATE,2024-10-04 07:04:35
aRSCyKfPTcYCY@ya.ru,READ,2024-10-04 15:56:31
HXUpEZKfqjg@gmail.com,CREATE,2024-10-04 23:51:58
HXUpEZKfqjg@gmail.com,UPDATE,2024-10-04 09:31:39
kbLqOqJVL@gmail.com,UPDATE,2024-10-04 04:19:48
FFkWUG@gmail.com,READ,2024-10-04 07:15:36
HXUpEZKfqjg@gmail.com,UPDATE,2024-10-04 20:08:43
qeRSs@gmail.com,READ,2024-10-04 10:48:03
WSbGEouWSRK@ya.ru,UPDATE,2024-10-04 15:49:46
qeRSs@gmail.com,READ,2024-10-04 13:49:14
rAKOlO@gmail.com,READ,2024-10-04 12:58:51
DWYlWGvum@gmail.com,DELETE,2024-10-04 07:31:17
FFkWUG@gmail.com,READ,2024-10-04 05:30:45
rAKOlO@gmail.com,DELETE,2024-10-04 01:32:58
aRSCyKfPTcYCY@ya.ru,DELETE,2024-10-04 16:33:22
rAKOlO@gmail.com,DELETE,2024-10-04 14:45:54
kbLqOqJVL@gmail.com,DELETE,2024-10-04 01:14:40
aRSCyKfPTcYCY@ya.ru,DELETE,2024-10-04 09:04:00
WSbGEouWSRK@ya.ru,DELETE,2024-10-04 10:24:12
kbLqOqJVL@gmail.com,READ,2024-10-04 15:56:34
qeRSs@gmail.com,DELETE,2024-10-04 01:57:45
FFkWUG@gmail.com,CREATE,2024-10-04 11:53:22
aRrtQbOU@ya.ru,CREATE,2024-10-04 02:24:56
WSbGEouWSRK@ya.ru,UPDATE,2024-10-04 07:16:18
aRSCyKfPTcYCY@ya.ru,DELETE,2024-10-04 22:15:09
qeRSs@gmail.com,READ,2024-10-04 00:23:48
FFkWUG@gmail.com,READ,2024-10-04 23:56:22
WSbGEouWSRK@ya.ru,READ,2024-10-04 14:24:20
WSbGEouWSRK@ya.ru,CREATE,2024-10-04 00:41:35
aRrtQbOU@ya.ru,READ,2024-10-04 21:16:43
WSbGEouWSRK@ya.ru,UPDATE,2024-10-04 05:23:57
kbLqOqJVL@gmail.com,READ,2024-10-04 11:45:07
WSbGEouWSRK@ya.ru,CREATE,2024-10-04 07:25:22
WSbGEouWSRK@ya.ru,UPDATE,2024-10-04 01:46:33
MTWclDOxHHze@mail.ru,DELETE,2024-10-04 22:06:20
DWYlWGvum@gmail.com,UPDATE,2024-10-04 22:39:40
HXUpEZKfqjg@gmail.com,CREATE,2024-10-04 01:29:38
FFkWUG@gmail.com,DELETE,2024-10-04 19:24:19
kbLqOqJVL@gmail.com,DELETE,2024-10-04 13:00:18
FFkWUG@gmail.com,CREATE,2024-10-04 20:20:54
FFkWUG@gmail.com,UPDATE,2024-10-04 16:16:07
qeRSs@gmail.com,CREATE,2024-10-04 12:50:31
kbLqOqJVL@gmail.com,CREATE,2024-10-04 18:55:48
MTWclDOxHHze@mail.ru,READ,2024-10-04 11:49:51
DWYlWGvum@gmail.com,READ,2024-10-04 17:59:12
FFkWUG@gmail.com,DELETE,2024-10-04 19:08:02
WSbGEouWSRK@ya.ru,UPDATE,2024-10-04 17:17:41
DWYlWGvum@gmail.com,CREATE,2024-10-04 23:40:02
DWYlWGvum@gmail.com,READ,2024-10-04 17:22:57
HXUpEZKfqjg@gmail.com,CREATE,2024-10-04 02:58:09
kbLqOqJVL@gmail.com,READ,2024-10-04 22:09:46
aRrtQbOU@ya.ru,READ,2024-10-04 11:22:36
FFkWUG@gmail.com,DELETE,2024-10-04 03:59:59
HXUpEZKfqjg@gmail.com,READ,2024-10-04 22:54:28
qeRSs@gmail.com,CREATE,2024-10-04 21:06:32
aRSCyKfPTcYCY@ya.ru,READ,2024-10-04 21:49:42
FFkWUG@gmail.com,CREATE,2024-10-04 18:18:01
qeRSs@gmail.com,CREATE,2024-10-04 18:38:35
HXUpEZKfqjg@gmail.com,DELETE,2024-10-04 16:49:11
WSbGEouWSRK@ya.ru,CREATE,2024-10-04 01:20:33
WSbGEouWSRK@ya.ru,CREATE,2024-10-04 15:16:21
MTWclDOxHHze@mail.ru,READ,2024-10-04 01:28:50
HXUpEZKfqjg@gmail.com,DELETE,2024-10-04 01:55:04
FFkWUG@gmail.com,UPDATE,2024-10-04 19:12:27
MTWclDOxHHze@mail.ru,CREATE,2024-10-04 17:21:38
FFkWUG@gmail.com,DELETE,2024-10-04 14:40:02
WSbGEouWSRK@ya.ru,UPDATE,2024-10-04 17:54:33
qeRSs@gmail.com,UPDATE,2024-10-04 00:30:55
DWYlWGvum@gmail.com,READ,2024-10-04 17:05:38
qeRSs@gmail.com,DELETE,2024-10-04 04:53:41
rAKOlO@gmail.com,DELETE,2024-10-04 04:08:37
DWYlWGvum@gmail.com,UPDATE,2024-10-04 19:42:04
kbLqOqJVL@gmail.com,READ,2024-10-04 04:06:17
aRrtQbOU@ya.ru,READ,2024-10-04 22:48:06
aRrtQbOU@ya.ru,READ,2024-10-04 19:26:23
rAKOlO@gmail.com,CREATE,2024-10-04 07:56:29
DWYlWGvum@gmail.com,DELETE,2024-10-04 10:35:38
aRrtQbOU@ya.ru,UPDATE,2024-10-04 07:28:14
HXUpEZKfqjg@gmail.com,UPDATE,2024-10-04 04:47:33
WSbGEouWSRK@ya.ru,READ,2024-10-04 18:45:37
kbLqOqJVL@gmail.com,DELETE,2024-10-04 15:34:33
FFkWUG@gmail.com,DELETE,2024-10-04 21:32:20
rAKOlO@gmail.com,READ,2024-10-04 23:32:18
FFkWUG@gmail.com,UPDATE,2024-10-04 00:38:14
aRSCyKfPTcYCY@ya.ru,READ,2024-10-04 18:09:12
HXUpEZKfqjg@gmail.com,READ,2024-10-04 16:20:54
aRrtQbOU@ya.ru,DELETE,2024-10-04 02:05:26
rAKOlO@gmail.com,READ,2024-10-04 12:05:26
rAKOlO@gmail.com,DELETE,2024-10-04 05:40:50
DWYlWGvum@gmail.com,UPDATE,2024-10-04 01:11:53
DWYlWGvum@gmail.com,UPDATE,2024-10-04 12:49:57
HXUpEZKfqjg@gmail.com,DELETE,2024-10-04 06:34:52
aRrtQbOU@ya.ru,READ,2024-10-04 11:29:54
MTWclDOxHHze@mail.ru,DELETE,2024-10-04 20:48:07
aRSCyKfPTcYCY@ya.ru,READ,2024-10-04 05:37:35
MTWclDOxHHze@mail.ru,UPDATE,2024-10-04 12:06:51
DWYlWGvum@gmail.com,DELETE,2024-10-04 09:35:42
MTWclDOxHHze@mail.ru,UPDATE,2024-10-04 09:21:44
qeRSs@gmail.com,UPDATE,2024-10-04 22:31:01
aRrtQbOU@ya.ru,DELETE,2024-10-04 15:20:55
aRSCyKfPTcYCY@ya.ru,CREATE,2024-10-04 12:49:13
kbLqOqJVL@gmail.com,READ,2024-10-04 17:00:48
WSbGEouWSRK@ya.ru,DELETE,2024-10-04 21:56:45
qeRSs@gmail.com,UPDATE,2024-10-04 07:59:58
MTWclDOxHHze@mail.ru,UPDATE,2024-10-04 18:58:27
rAKOlO@gmail.com,READ,2024-10-04 22:30:40
FFkWUG@gmail.com,DELETE,2024-10-04 14:00:46
rAKOlO@gmail.com,DELETE,2024-10-04 22:23:31
aRrtQbOU@ya.ru,DELETE,2024-10-04 02:26:36
rAKOlO@gmail.com,DELETE,2024-10-04 03:55:50
aRrtQbOU@ya.ru,CREATE,2024-10-04 17:37:56
MTWclDOxHHze@mail.ru,CREATE,2024-10-04 22:00:04
rAKOlO@gmail.com,DELETE,2024-10-04 09:45:57
HXUpEZKfqjg@gmail.com,UPDATE,2024-10-04 08:12:37
rAKOlO@gmail.com,UPDATE,2024-10-04 14:31:26
rAKOlO@gmail.com,DELETE,2024-10-04 11:08:16
MTWclDOxHHze@mail.ru,UPDATE,2024-10-04 02:12:05
kbLqOqJVL@gmail.com,CREATE,2024-10-04 03:42:07
qeRSs@gmail.com,CREATE,2024-10-04 02:50:31
MTWclDOxHHze@mail.ru,UPDATE,2024-10-04 07:59:56
WSbGEouWSRK@ya.ru,UPDATE,2024-10-04 03:55:28
WSbGEouWSRK@ya.ru,CREATE,2024-10-04 03:19:37
kbLqOqJVL@gmail.com,DELETE,2024-10-04 00:27:04
HXUpEZKfqjg@gmail.com,DELETE,2024-10-04 08:23:10
DWYlWGvum@gmail.com,CREATE,2024-10-04 12:28:26
qeRSs@gmail.com,UPDATE,2024-10-04 02:28:28
rAKOlO@gmail.com,CREATE,2024-10-04 08:27:53
HXUpEZKfqjg@gmail.com,DELETE,2024-10-04 07:52:18
qeRSs@gmail.com,UPDATE,2024-10-04 08:52:26
FFkWUG@gmail.com,CREATE,2024-10-04 14:18:29
aRSCyKfPTcYCY@ya.ru,CREATE,2024-10-04 08:43:15
WSbGEouWSRK@ya.ru,DELETE,2024-10-04 17:10:02
HXUpEZKfqjg@gmail.com,DELETE,2024-10-04 14:53:49
qeRSs@gmail.com,DELETE,2024-10-04 01:26:43
HXUpEZKfqjg@gmail.com,CREATE,2024-10-04 08:30:09
aRSCyKfPTcYCY@ya.ru,DELETE,2024-10-04 00:05:17
HXUpEZKfqjg@gmail.com,UPDATE,2024-10-04 18:44:41
qeRSs@gmail.com,READ,2024-10-04 08:39:03
DWYlWGvum@gmail.com,READ,2024-10-04 10:54:58
FFkWUG@gmail.com,DELETE,2024-10-04 10:14:25
kbLqOqJVL@gmail.com,READ,2024-10-04 12:08:47
WSbGEouWSRK@ya.ru,DELETE,2024-10-04 09:19:32
MTWclDOxHHze@mail.ru,READ,2024-10-04 00:19:48
kbLqOqJVL@gmail.com,CREATE,2024-10-04 14:17:17
rAKOlO@gmail.com,DELETE,2024-10-04 07:38:24
MTWclDOxHHze@mail.ru,DELETE,2024-10-04 01:40:47
qeRSs@gmail.com,UPDATE,2024-10-04 15:27:56
MTWclDOxHHze@mail.ru,DELETE,2024-10-04 05:08:15
aRSCyKfPTcYCY@ya.ru,READ,2024-10-04 13:18:58
aRrtQbOU@ya.ru,CREATE,2024-10-04 14:56:59
DWYlWGvum@gmail.com,UPDATE,2024-10-04 22:57:49
HXUpEZKfqjg@gmail.com,UPDATE,2024-10-04 17:05:16
aRSCyKfPTcYCY@ya.ru,CREATE,2024-10-04 23:16:51
HXUpEZKfqjg@gmail.com,READ,2024-10-04 16:59:32
qeRSs@gmail.com,CREATE,2024-10-04 04:20:12
FFkWUG@gmail.com,DELETE,2024-10-04 06:49:47
qeRSs@gmail.com,DELETE,2024-10-04 20:44:51
rAKOlO@gmail.com,UPDATE,2024-10-04 09:58:16
MTWclDOxHHze@mail.ru,READ,2024-10-04 13:30:44
WSbGEouWSRK@ya.ru,DELETE,2024-10-04 05:01:56
HXUpEZKfqjg@gmail.com,CREATE,2024-10-04 22:52:44
WSbGEouWSRK@ya.ru,DELETE,2024-10-04 10:43:23
MTWclDOxHHze@mail.ru,READ,2024-10-04 12:26:19
aRrtQbOU@ya.ru,CREATE,2024-10-04 18:15:06
qeRSs@gmail.com,DELETE,2024-10-04 19:25:48
aRSCyKfPTcYCY@ya.ru,DELETE,2024-10-04 14:58:25
FFkWUG@gmail.com,READ,2024-10-04 07:41:16
kbLqOqJVL@gmail.com,READ,2024-10-04 14:47:38
qeRSs@gmail.com,DELETE,2024-10-04 04:24:51
FFkWUG@gmail.com,DELETE,2024-10-04 17:34:16
kbLqOqJVL@gmail.com,CREATE,2024-10-04 03:20:31
aRrtQbOU@ya.ru,CREATE,2024-10-04 08:45:43
HXUpEZKfqjg@gmail.com,READ,2024-10-04 20:54:21
rAKOlO@gmail.com,UPDATE,2024-10-04 17:55:49
HXUpEZKfqjg@gmail.com,CREATE,2024-10-04 09:34:16
MTWclDOxHHze@mail.ru,DELETE,2024-10-04 13:54:03
MTWclDOxHHze@mail.ru,UPDATE,2024-10-04 00:16:30
DWYlWGvum@gmail.com,DELETE,2024-10-04 23:29:11
MTWclDOxHHze@mail.ru,DELETE,2024-10-04 10:06:54
MTWclDOxHHze@mail.ru,CREATE,2024-10-04 05:30:14
aRSCyKfPTcYCY@ya.ru,READ,2024-10-04 01:42:29
HXUpEZKfqjg@gmail.com,DELETE,2024-10-04 11:17:03
WSbGEouWSRK@ya.ru,UPDATE,2024-10-04 12:36:45
MTWclDOxHHze@mail.ru,DELETE,2024-10-04 02:10:51
DWYlWGvum@gmail.com,READ,2024-10-04 04:49:47
aRSCyKfPTcYCY@ya.ru,READ,2024-10-04 23:42:07
DWYlWGvum@gmail.com,READ,2024-10-04 00:01:54
HXUpEZKfqjg@gmail.com,DELETE,2024-10-04 23:15:11
kbLqOqJVL@gmail.com,CREATE,2024-10-04 22:35:47
MTWclDOxHHze@mail.ru,CREATE,2024-10-04 02:56:30
DWYlWGvum@gmail.com,READ,2024-10-04 21:10:12
DWYlWGvum@gmail.com,UPDATE,2024-10-04 11:10:03
aRrtQbOU@ya.ru,CREATE,2024-10-04 17:12:25
aRrtQbOU@ya.ru,READ,2024-10-04 23:07:24
kbLqOqJVL@gmail.com,UPDATE,2024-10-04 13:12:26
aRSCyKfPTcYCY@ya.ru,CREATE,2024-10-04 19:30:19
aRSCyKfPTcYCY@ya.ru,READ,2024-10-04 19:59:21
qeRSs@gmail.com,DELETE,2024-10-04 00:23:03
aRrtQbOU@ya.ru,CREATE,2024-10-04 12:17:34
WSbGEouWSRK@ya.ru,CREATE,2024-10-04 21:55:53
FFkWUG@gmail.com,DELETE,2024-10-04 01:04:42
HXUpEZKfqjg@gmail.com,DELETE,2024-10-04 21:10:15
kbLqOqJVL@gmail.com,UPDATE,2024-10-04 07:39:23
aRrtQbOU@ya.ru,DELETE,2024-10-04 18:44:53
WSbGEouWSRK@ya.ru,UPDATE,2024-10-04 22:33:13
rAKOlO@gmail.com,READ,2024-10-04 03:06:23
qeRSs@gmail.com,UPDATE,2024-10-04 21:32:07
DWYlWGvum@gmail.com,UPDATE,2024-10-04 16:16:31
WSbGEouWSRK@ya.ru,UPDATE,2024-10-04 02:50:04
qeRSs@gmail.com,CREATE,2024-10-04 02:51:34
aRrtQbOU@ya.ru,DELETE,2024-10-04 13:33:36
FFkWUG@gmail.com,DELETE,2024-10-04 11:38:47
aRSCyKfPTcYCY@ya.ru,DELETE,2024-10-04 13:49:15
kbLqOqJVL@gmail.com,UPDATE,2024-10-04 14:46:46
aRrtQbOU@ya.ru,UPDATE,2024-10-04 16:51:42
FFkWUG@gmail.com,READ,2024-10-04 14:35:30
kbLqOqJVL@gmail.com,READ,2024-10-04 14:07:30
FFkWUG@gmail.com,CREATE,2024-10-04 05:42:48
rAKOlO@gmail.com,CREATE,2024-10-04 23:10:55
rAKOlO@gmail.com,CREATE,2024-10-04 20:33:05
FFkWUG@gmail.com,UPDATE,2024-10-04 01:18:15
DWYlWGvum@gmail.com,CREATE,2024-10-04 23:07:31
WSbGEouWSRK@ya.ru,CREATE,2024-10-04 13:42:47
aRSCyKfPTcYCY@ya.ru,READ,2024-10-04 15:25:01
aRrtQbOU@ya.ru,DELETE,2024-10-04 11:57:46
DWYlWGvum@gmail.com,CREATE,2024-10-04 05:30:55
HXUpEZKfqjg@gmail.com,READ,2024-10-04 15:30:56
MTWclDOxHHze@mail.ru,READ,2024-10-04 08:41:55
rAKOlO@gmail.com,READ,2024-10-04 14:38:37
aRSCyKfPTcYCY@ya.ru,DELETE,2024-10-04 09:00:22
aRSCyKfPTcYCY@ya.ru,CREATE,2024-10-04 12:10:14
kbLqOqJVL@gmail.com,READ,2024-10-04 14:06:50
DWYlWGvum@gmail.com,READ,2024-10-04 10:54:23
WSbGEouWSRK@ya.ru,CREATE,2024-10-04 02:15:55
kbLqOqJVL@gmail.com,CREATE,2024-10-04 14:35:09
rAKOlO@gmail.com,DELETE,2024-10-04 08:39:31
HXUpEZKfqjg@gmail.com,UPDATE,2024-10-04 03:31:05
aRSCyKfPTcYCY@ya.ru,DELETE,2024-10-04 13:07:39
kbLqOqJVL@gmail.com,UPDATE,2024-10-04 00:52:27
WSbGEouWSRK@ya.ru,CREATE,2024-10-04 01:08:06
qeRSs@gmail.com,CREATE,2024-10-04 22:00:22
rAKOlO@gmail.com,DELETE,2024-10-04 18:36:40
aRSCyKfPTcYCY@ya.ru,READ,2024-10-04 02:40:24
aRrtQbOU@ya.ru,DELETE,2024-10-04 09:14:37
HXUpEZKfqjg@gmail.com,UPDATE,2024-10-04 11:37:46
aRrtQbOU@ya.ru,UPDATE,2024-10-04 15:50:40
aRSCyKfPTcYCY@ya.ru,READ,2024-10-04 02:51:31
kbLqOqJVL@gmail.com,UPDATE,2024-10-04 17:43:07
HXUpEZKfqjg@gmail.com,DELETE,2024-10-04 16:13:15
HXUpEZKfqjg@gmail.com,READ,2024-10-04 14:13:34
qeRSs@gmail.com,UPDATE,2024-10-04 13:24:51
HXUpEZKfqjg@gmail.com,UPDATE,2024-10-04 14:01:57
WSbGEouWSRK@ya.ru,CREATE,2024-10-04 07:28:21
DWYlWGvum@gmail.com,UPDATE,2024-10-04 08:12:37
MTWclDOxHHze@mail.ru,UPDATE,2024-10-04 09:05:04
FFkWUG@gmail.com,DELETE,2024-10-04 15:12:45
HXUpEZKfqjg@gmail.com,READ,2024-10-04 02:06:52
aRrtQbOU@ya.ru,DELETE,2024-10-04 08:13:18
qeRSs@gmail.com,READ,2024-10-04 16:14:29
qeRSs@gmail.com,CREATE,2024-10-04 08:54:53
rAKOlO@gmail.com,DELETE,2024-10-04 15:54:09
DWYlWGvum@gmail.com,CREATE,2024-10-04 03:32:51
aRrtQbOU@ya.ru,DELETE,2024-10-04 08:12:25
HXUpEZKfqjg@gmail.com,DELETE,2024-10-04 07:30:48
WSbGEouWSRK@ya.ru,CREATE,2024-10-04 17:42:11
kbLqOqJVL@gmail.com,UPDATE,2024-10-04 03:12:37
MTWclDOxHHze@mail.ru,CREATE,2024-10-04 10:07:47
rAKOlO@gmail.com,CREATE,2024-10-04 02:58:00
aRSCyKfPTcYCY@ya.ru,CREATE,2024-10-04 04:24:27
kbLqOqJVL@gmail.com,UPDATE,2024-10-04 09:12:25
WSbGEouWSRK@ya.ru,CREATE,2024-10-04 11:58:49
HXUpEZKfqjg@gmail.com,CREATE,2024-10-04 20:25:52
qeRSs@gmail.com,UPDATE,2024-10-04 01:10:44
WSbGEouWSRK@ya.ru,UPDATE,2024-10-04 14:12:52
FFkWUG@gmail.com,UPDATE,2024-10-04 06:39:33
HXUpEZKfqjg@gmail.com,READ,2024-10-04 06:04:57
aRrtQbOU@ya.ru,DELETE,2024-10-04 15:28:50
WSbGEouWSRK@ya.ru,DELETE,2024-10-04 15:00:30
kbLqOqJVL@gmail.com,CREATE,2024-10-04 20:03:08
DWYlWGvum@gmail.com,CREATE,2024-10-04 12:19:56
rAKOlO@gmail.com,DELETE,2024-10-04 19:29:52
aRSCyKfPTcYCY@ya.ru,CREATE,2024-10-04 21:56:47
MTWclDOxHHze@mail.ru,UPDATE,2024-10-04 00:45:58
HXUpEZKfqjg@gmail.com,CREATE,2024-10-04 01:07:38
kbLqOqJVL@gmail.com,READ,2024-10-04 05:08:44
qeRSs@gmail.com,READ,2024-10-04 18:02:19
DWYlWGvum@gmail.com,UPDATE,2024-10-04 21:18:46
aRrtQbOU@ya.ru,CREATE,2024-10-04 21:25:04
HXUpEZKfqjg@gmail.com,READ,2024-10-04 11:39:06
DWYlWGvum@gmail.com,READ,2024-10-04 18:52:50
HXUpEZKfqjg@gmail.com,CREATE,2024-10-04 20:52:26
WSbGEouWSRK@ya.ru,UPDATE,2024-10-04 19:15:06
aRSCyKfPTcYCY@ya.ru,DELETE,2024-10-04 09:18:27
kbLqOqJVL@gmail.com,DELETE,2024-10-04 13:34:39
WSbGEouWSRK@ya.ru,READ,2024-10-04 16:03:19
WSbGEouWSRK@ya.ru,READ,2024-10-04 04:15:54
qeRSs@gmail.com,UPDATE,2024-10-04 03:52:48
WSbGEouWSRK@ya.ru,READ,2024-10-04 10:37:57
qeRSs@gmail.com,DELETE,2024-10-04 06:56:08
WSbGEouWSRK@ya.ru,UPDATE,2024-10-04 05:49:47
qeRSs@gmail.com,DELETE,2024-10-04 07:48:06
DWYlWGvum@gmail.com,READ,2024-10-04 07:30:05
kbLqOqJVL@gmail.com,CREATE,2024-10-04 22:07:09
aRrtQbOU@ya.ru,CREATE,2024-10-04 19:13:15
FFkWUG@gmail.com,READ,2024-10-04 08:04:19
aRrtQbOU@ya.ru,DELETE,2024-10-04 00:39:39
rAKOlO@gmail.com,CREATE,2024-10-04 23:44:23
DWYlWGvum@gmail.com,READ,2024-10-04 03:43:24
qeRSs@gmail.com,CREATE,2024-10-04 01:49:07
WSbGEouWSRK@ya.ru,DELETE,2024-10-04 12:47:44
kbLqOqJVL@gmail.com,CREATE,2024-10-04 00:44:00
aRrtQbOU@ya.ru,CREATE,2024-10-04 04:54:17
qeRSs@gmail.com,READ,2024-10-04 21:01:02
DWYlWGvum@gmail.com,READ,2024-10-04 20:19:40
aRrtQbOU@ya.ru,READ,2024-10-04 01:31:00
aRrtQbOU@ya.ru,DELETE,2024-10-04 12:51:20
MTWclDOxHHze@mail.ru,UPDATE,2024-10-04 02:18:00
rAKOlO@gmail.com,READ,2024-10-04 12:52:09
MTWclDOxHHze@mail.ru,UPDATE,2024-10-04 06:44:35
aRrtQbOU@ya.ru,CREATE,2024-10-04 02:53:54
aRSCyKfPTcYCY@ya.ru,DELETE,2024-10-04 21:04:26
aRSCyKfPTcYCY@ya.ru,UPDATE,2024-10-04 21:01:03
aRrtQbOU@ya.ru,READ,2024-10-04 18:56:23
MTWclDOxHHze@mail.ru,DELETE,2024-10-04 16:15:00
HXUpEZKfqjg@gmail.com,CREATE,2024-10-04 05:16:21
FFkWUG@gmail.com,UPDATE,2024-10-04 12:13:31
FFkWUG@gmail.com,READ,2024-10-04 13:58:02
aRrtQbOU@ya.ru,UPDATE,2024-10-04 09:50:45
rAKOlO@gmail.com,CREATE,2024-10-04 23:21:02
aRSCyKfPTcYCY@ya.ru,READ,2024-10-04 11:59:37
DWYlWGvum@gmail.com,DELETE,2024-10-04 11:59:19
qeRSs@gmail.com,CREATE,2024-10-04 22:19:01
aRSCyKfPTcYCY@ya.ru,READ,2024-10-04 18:31:25
MTWclDOxHHze@mail.ru,UPDATE,2024-10-04 00:57:45
aRrtQbOU@ya.ru,UPDATE,2024-10-04 18:00:07
rAKOlO@gmail.com,READ,2024-10-04 09:07:14
WSbGEouWSRK@ya.ru,READ,2024-10-04 09:55:09
aRSCyKfPTcYCY@ya.ru,UPDATE,2024-10-04 08:04:42
kbLqOqJVL@gmail.com,READ,2024-10-04 12:01:59
WSbGEouWSRK@ya.ru,CREATE,2024-10-04 05:56:38
qeRSs@gmail.com,UPDATE,2024-10-04 23:09:18
FFkWUG@gmail.com,CREATE,2024-10-04 01:48:48
WSbGEouWSRK@ya.ru,DELETE,2024-10-04 16:26:06
aRSCyKfPTcYCY@ya.ru,READ,2024-10-04 12:41:06
rAKOlO@gmail.com,DELETE,2024-10-04 09:09:01
WSbGEouWSRK@ya.ru,READ,2024-10-04 10:07:38
DWYlWGvum@gmail.com,CREATE,2024-10-04 21:34:12
DWYlWGvum@gmail.com,CREATE,2024-10-04 19:34:01
FFkWUG@gmail.com,UPDATE,2024-10-04 11:10:17
aRSCyKfPTcYCY@ya.ru,UPDATE,2024-10-04 05:17:09
rAKOlO@gmail.com,READ,2024-10-04 03:05:06
kbLqOqJVL@gmail.com,DELETE,2024-10-04 12:00:25
rAKOlO@gmail.com,DELETE,2024-10-04 15:59:57
DWYlWGvum@gmail.com,DELETE,2024-10-04 18:19:11
kbLqOqJVL@gmail.com,CREATE,2024-10-04 03:43:03
HXUpEZKfqjg@gmail.com,CREATE,2024-10-04 11:36:15
qeRSs@gmail.com,DELETE,2024-10-04 22:16:32
WSbGEouWSRK@ya.ru,DELETE,2024-10-04 02:03:19
WSbGEouWSRK@ya.ru,CREATE,2024-10-04 23:38:44
kbLqOqJVL@gmail.com,DELETE,2024-10-04 16:26:14
MTWclDOxHHze@mail.ru,READ,2024-10-04 09:12:10
aRrtQbOU@ya.ru,UPDATE,2024-10-04 01:12:50
WSbGEouWSRK@ya.ru,CREATE,2024-10-04 02:59:32
aRSCyKfPTcYCY@ya.ru,DELETE,2024-10-04 05:55:00
WSbGEouWSRK@ya.ru,DELETE,2024-10-04 15:00:24
DWYlWGvum@gmail.com,CREATE,2024-10-04 04:02:00
rAKOlO@gmail.com,READ,2024-10-04 08:31:34
kbLqOqJVL@gmail.com,CREATE,2024-10-04 16:41:55
qeRSs@gmail.com,DELETE,2024-10-04 13:03:57
HXUpEZKfqjg@gmail.com,CREATE,2024-10-04 20:53:50
MTWclDOxHHze@mail.ru,UPDATE,2024-10-04 07:10:30
DWYlWGvum@gmail.com,DELETE,2024-10-04 00:14:59
HXUpEZKfqjg@gmail.com,READ,2024-10-04 08:18:56
rAKOlO@gmail.com,CREATE,2024-10-04 07:34:46
qeRSs@gmail.com,READ,2024-10-04 01:17:08
kbLqOqJVL@gmail.com,UPDATE,2024-10-04 04:38:24
MTWclDOxHHze@mail.ru,UPDATE,2024-10-04 03:07:52
kbLqOqJVL@gmail.com,DELETE,2024-10-04 03:03:40
qeRSs@gmail.com,UPDATE,2024-10-04 09:58:45
MTWclDOxHHze@mail.ru,DELETE,2024-10-04 18:11:22
rAKOlO@gmail.com,DELETE,2024-10-04 22:46:16
HXUpEZKfqjg@gmail.com,UPDATE,2024-10-04 04:04:12
DWYlWGvum@gmail.com,CREATE,2024-10-04 21:41:06
aRrtQbOU@ya.ru,DELETE,2024-10-04 09:33:14
rAKOlO@gmail.com,DELETE,2024-10-04 06:37:44
rAKOlO@gmail.com,CREATE,2024-10-04 15:11:12
kbLqOqJVL@gmail.com,READ,2024-10-04 19:13:23
kbLqOqJVL@gmail.com,DELETE,2024-10-04 08:56:49
FFkWUG@gmail.com,READ,2024-10-04 15:22:31
qeRSs@gmail.com,READ,2024-10-04 15:42:11
qeRSs@gmail.com,DELETE,2024-10-04 12:39:25
aRrtQbOU@ya.ru,CREATE,2024-10-04 14:17:06
aRSCyKfPTcYCY@ya.ru,UPDATE,2024-10-04 06:32:32
DWYlWGvum@gmail.com,CREATE,2024-10-04 15:31:49
kbLqOqJVL@gmail.com,UPDATE,2024-10-04 16:16:10
WSbGEouWSRK@ya.ru,DELETE,2024-10-04 08:49:37
kbLqOqJVL@gmail.com,DELETE,2024-10-04 19:53:43
WSbGEouWSRK@ya.ru,CREATE,2024-10-04 11:53:05
FFkWUG@gmail.com,DELETE,2024-10-04 14:40:26
MTWclDOxHHze@mail.ru,UPDATE,2024-10-04 10:01:05
aRSCyKfPTcYCY@ya.ru,READ,2024-10-04 01:39:26
FFkWUG@gmail.com,UPDATE,2024-10-04 13:44:27
aRrtQbOU@ya.ru,READ,2024-10-04 17:10:20
rAKOlO@gmail.com,UPDATE,2024-10-04 02:39:49
qeRSs@gmail.com,READ,2024-10-04 20:50:27
HXUpEZKfqjg@gmail.com,DELETE,2024-10-04 23:29:39
MTWclDOxHHze@mail.ru,CREATE,2024-10-04 03:48:48
aRrtQbOU@ya.ru,DELETE,2024-10-04 20:09:01
HXUpEZKfqjg@gmail.com,CREATE,2024-10-04 21:49:01
DWYlWGvum@gmail.com,CREATE,2024-10-04 14:25:54
WSbGEouWSRK@ya.ru,DELETE,2024-10-04 08:54:17
DWYlWGvum@gmail.com,READ,2024-10-04 01:27:07
MTWclDOxHHze@mail.ru,CREATE,2024-10-04 20:08:38
rAKOlO@gmail.com,CREATE,2024-10-04 19:25:18
aRSCyKfPTcYCY@ya.ru,READ,2024-10-04 19:08:42
DWYlWGvum@gmail.com,READ,2024-10-04 12:47:07
FFkWUG@gmail.com,DELETE,2024-10-04 08:55:55
aRSCyKfPTcYCY@ya.ru,UPDATE,2024-10-04 13:10:10
qeRSs@gmail.com,DELETE,2024-10-04 10:31:51
aRrtQbOU@ya.ru,CREATE,2024-10-04 16:59:06
WSbGEouWSRK@ya.ru,UPDATE,2024-10-04 16:44:52
kbLqOqJVL@gmail.com,CREATE,2024-10-04 10:18:50
qeRSs@gmail.com,DELETE,2024-10-04 12:27:52
FFkWUG@gmail.com,DELETE,2024-10-04 05:42:19
aRrtQbOU@ya.ru,DELETE,2024-10-04 09:05:54
DWYlWGvum@gmail.com,CREATE,2024-10-04 19:41:00
HXUpEZKfqjg@gmail.com,READ,2024-10-04 17:48:31
qeRSs@gmail.com,READ,2024-10-04 22:02:14
aRSCyKfPTcYCY@ya.ru,READ,2024-10-04 07:23:54
aRrtQbOU@ya.ru,READ,2024-10-04 09:45:05
WSbGEouWSRK@ya.ru,READ,2024-10-04 16:47:21
DWYlWGvum@gmail.com,DELETE,2024-10-04 15:53:42
rAKOlO@gmail.com,READ,2024-10-04 12:13:05
rAKOlO@gmail.com,DELETE,2024-10-04 01:48:40
rAKOlO@gmail.com,DELETE,2024-10-04 09:12:30
HXUpEZKfqjg@gmail.com,READ,2024-10-04 08:42:53
qeRSs@gmail.com,UPDATE,2024-10-04 18:21:02
DWYlWGvum@gmail.com,CREATE,2024-10-04 01:55:59
rAKOlO@gmail.com,DELETE,2024-10-04 12:23:18
rAKOlO@gmail.com,DELETE,2024-10-04 09:59:39
MTWclDOxHHze@mail.ru,UPDATE,2024-10-04 15:26:40
DWYlWGvum@gmail.com,DELETE,2024-10-04 13:20:54
FFkWUG@gmail.com,DELETE,2024-10-04 19:18:16
HXUpEZKfqjg@gmail.com,CREATE,2024-10-04 09:15:46
HXUpEZKfqjg@gmail.com,CREATE,2024-10-04 21:25:09
aRrtQbOU@ya.ru,DELETE,2024-10-04 02:35:19
FFkWUG@gmail.com,DELETE,2024-10-04 20:26:07
HXUpEZKfqjg@gmail.com,CREATE,2024-10-04 12:41:57
WSbGEouWSRK@ya.ru,DELETE,2024-10-04 10:42:57
MTWclDOxHHze@mail.ru,UPDATE,2024-10-04 08:14:23
aRrtQbOU@ya.ru,UPDATE,2024-10-04 13:24:03
MTWclDOxHHze@mail.ru,UPDATE,2024-10-04 14:07:38
qeRSs@gmail.com,READ,2024-10-04 15:01:11
FFkWUG@gmail.com,UPDATE,2024-10-04 19:36:52
HXUpEZKfqjg@gmail.com,READ,2024-10-04 02:03:12
aRrtQbOU@ya.ru,UPDATE,2024-10-04 13:01:38
kbLqOqJVL@gmail.com,UPDATE,2024-10-04 11:34:20
FFkWUG@gmail.com,CREATE,2024-10-04 21:13:24
DWYlWGvum@gmail.com,CREATE,2024-10-04 21:04:16
rAKOlO@gmail.com,READ,2024-10-04 16:26:29
WSbGEouWSRK@ya.ru,DELETE,2024-10-04 03:21:38
HXUpEZKfqjg@gmail.com,DELETE,2024-10-04 00:48:50
WSbGEouWSRK@ya.ru,READ,2024-10-04 00:13:16
aRrtQbOU@ya.ru,CREATE,2024-10-04 02:35:50
FFkWUG@gmail.com,UPDATE,2024-10-04 17:03:00
FFkWUG@gmail.com,CREATE,2024-10-04 13:55:10
MTWclDOxHHze@mail.ru,DELETE,2024-10-04 13:54:20
HXUpEZKfqjg@gmail.com,UPDATE,2024-10-04 22:23:59
rAKOlO@gmail.com,DELETE,2024-10-04 12:45:14
rAKOlO@gmail.com,UPDATE,2024-10-04 05:04:50
FFkWUG@gmail.com,DELETE,2024-10-04 14:07:31
qeRSs@gmail.com,READ,2024-10-04 23:08:24
WSbGEouWSRK@ya.ru,READ,2024-10-04 04:29:37
WSbGEouWSRK@ya.ru,READ,2024-10-04 13:30:37
WSbGEouWSRK@ya.ru,UPDATE,2024-10-04 02:13:05
kbLqOqJVL@gmail.com,CREATE,2024-10-04 02:54:13
MTWclDOxHHze@mail.ru,CREATE,2024-10-04 01:25:27
rAKOlO@gmail.com,UPDATE,2024-10-04 16:29:41
HXUpEZKfqjg@gmail.com,UPDATE,2024-10-04 02:39:03
aRrtQbOU@ya.ru,UPDATE,2024-10-04 16:29:31
MTWclDOxHHze@mail.ru,READ,2024-10-04 00:56:58
HXUpEZKfqjg@gmail.com,CREATE,2024-10-04 15:12:19
MTWclDOxHHze@mail.ru,UPDATE,2024-10-04 11:30:54
rAKOlO@gmail.com,UPDATE,2024-10-04 11:00:34
HXUpEZKfqjg@gmail.com,DELETE,2024-10-04 23:24:12
aRrtQbOU@ya.ru,CREATE,2024-10-04 09:49:39
DWYlWGvum@gmail.com,DELETE,2024-10-04 19:25:31
WSbGEouWSRK@ya.ru,READ,2024-10-04 19:30:17
MTWclDOxHHze@mail.ru,UPDATE,2024-10-04 06:07:06
qeRSs@gmail.com,READ,2024-10-04 09:38:11
rAKOlO@gmail.com,CREATE,2024-10-04 19:57:35
qeRSs@gmail.com,CREATE,2024-10-04 22:46:03
aRrtQbOU@ya.ru,DELETE,2024-10-04 08:21:10
rAKOlO@gmail.com,DELETE,2024-10-04 19:38:41
DWYlWGvum@gmail.com,READ,2024-10-04 09:15:04
MTWclDOxHHze@mail.ru,UPDATE,2024-10-04 19:01:36
aRrtQbOU@ya.ru,READ,2024-10-04 20:46:51
aRSCyKfPTcYCY@ya.ru,CREATE,2024-10-04 17:25:05
HXUpEZKfqjg@gmail.com,CREATE,2024-10-04 19:36:33
rAKOlO@gmail.com,CREATE,2024-10-04 17:47:46
FFkWUG@gmail.com,READ,2024-10-04 11:34:26
kbLqOqJVL@gmail.com,UPDATE,2024-10-04 14:48:05
HXUpEZKfqjg@gmail.com,CREATE,2024-10-04 21:57:51
rAKOlO@gmail.com,READ,2024-10-04 16:14:38
qeRSs@gmail.com,DELETE,2024-10-04 06:38:50
FFkWUG@gmail.com,UPDATE,2024-10-04 17:56:16
HXUpEZKfqjg@gmail.com,UPDATE,2024-10-04 22:16:00
kbLqOqJVL@gmail.com,CREATE,2024-10-04 22:29:26
rAKOlO@gmail.com,DELETE,2024-10-04 22:32:26
aRSCyKfPTcYCY@ya.ru,READ,2024-10-04 19:22:48
DWYlWGvum@gmail.com,DELETE,2024-10-04 06:26:50
aRrtQbOU@ya.ru,CREATE,2024-10-04 13:15:56
HXUpEZKfqjg@gmail.com,CREATE,2024-10-04 09:21:02
HXUpEZKfqjg@gmail.com,UPDATE,2024-10-04 11:12:13
qeRSs@gmail.com,READ,2024-10-04 15:57:41
WSbGEouWSRK@ya.ru,DELETE,2024-10-04 16:04:05
MTWclDOxHHze@mail.ru,READ,2024-10-04 07:09:01
rAKOlO@gmail.com,UPDATE,2024-10-04 03:07:47
WSbGEouWSRK@ya.ru,CREATE,2024-10-04 05:42:09
MTWclDOxHHze@mail.ru,CREATE,2024-10-04 15:27:39
FFkWUG@gmail.com,READ,2024-10-04 23:32:27
WSbGEouWSRK@ya.ru,CREATE,2024-10-04 16:49:03
DWYlWGvum@gmail.com,CREATE,2024-10-04 07:28:00
rAKOlO@gmail.com,READ,2024-10-04 15:18:51
aRrtQbOU@ya.ru,UPDATE,2024-10-04 21:23:14
rAKOlO@gmail.com,UPDATE,2024-10-04 11:24:18
aRrtQbOU@ya.ru,READ,2024-10-04 20:53:59
DWYlWGvum@gmail.com,UPDATE,2024-10-04 22:48:26
kbLqOqJVL@gmail.com,UPDATE,2024-10-04 22:26:57
aRSCyKfPTcYCY@ya.ru,READ,2024-10-04 01:20:35
qeRSs@gmail.com,UPDATE,2024-10-04 19:30:40
MTWclDOxHHze@mail.ru,READ,2024-10-04 16:30:27
kbLqOqJVL@gmail.com,CREATE,2024-10-04 15:18:45
rAKOlO@gmail.com,CREATE,2024-10-04 04:11:09
MTWclDOxHHze@mail.ru,READ,2024-10-04 17:35:39
MTWclDOxHHze@mail.ru,UPDATE,2024-10-04 01:10:54
DWYlWGvum@gmail.com,CREATE,2024-10-04 07:41:04
aRSCyKfPTcYCY@ya.ru,CREATE,2024-10-04 15:18:19
kbLqOqJVL@gmail.com,READ,2024-10-04 02:13:23
DWYlWGvum@gmail.com,DELETE,2024-10-04 14:01:20
HXUpEZKfqjg@gmail.com,READ,2024-10-04 03:52:09
aRSCyKfPTcYCY@ya.ru,UPDATE,2024-10-04 03:38:38
DWYlWGvum@gmail.com,READ,2024-10-04 02:47:44
kbLqOqJVL@gmail.com,UPDATE,2024-10-04 06:36:31
aRSCyKfPTcYCY@ya.ru,CREATE,2024-10-04 08:47:04
aRrtQbOU@ya.ru,UPDATE,2024-10-04 18:51:35
qeRSs@gmail.com,UPDATE,2024-10-04 10:52:04
FFkWUG@gmail.com,READ,2024-10-04 10:06:52
MTWclDOxHHze@mail.ru,DELETE,2024-10-04 23:25:54
DWYlWGvum@gmail.com,CREATE,2024-10-04 04:55:00
qeRSs@gmail.com,READ,2024-10-04 08:26:10
WSbGEouWSRK@ya.ru,CREATE,2024-10-04 10:31:28
MTWclDOxHHze@mail.ru,READ,2024-10-04 20:02:02
FFkWUG@gmail.com,UPDATE,2024-10-04 13:23:57
DWYlWGvum@gmail.com,DELETE,2024-10-04 00:32:36
qeRSs@gmail.com,CREATE,2024-10-04 07:45:37
WSbGEouWSRK@ya.ru,UPDATE,2024-10-04 09:15:53
kbLqOqJVL@gmail.com,DELETE,2024-10-04 04:51:41
DWYlWGvum@gmail.com,UPDATE,2024-10-04 01:36:26
qeRSs@gmail.com,DELETE,2024-10-04 07:19:51
kbLqOqJVL@gmail.com,UPDATE,2024-10-04 12:04:04
WSbGEouWSRK@ya.ru,CREATE,2024-10-04 13:48:27
qeRSs@gmail.com,READ,2024-10-04 17:44:23
qeRSs@gmail.com,READ,2024-10-04 16:32:16
WSbGEouWSRK@ya.ru,CREATE,2024-10-04 23:56:23
DWYlWGvum@gmail.com,READ,2024-10-04 11:03:07
aRrtQbOU@ya.ru,DELETE,2024-10-04 20:17:26
qeRSs@gmail.com,CREATE,2024-10-04 20:16:22
kbLqOqJVL@gmail.com,READ,2024-10-04 06:12:45
WSbGEouWSRK@ya.ru,READ,2024-10-04 05:29:46
qeRSs@gmail.com,UPDATE,2024-10-04 23:23:54
kbLqOqJVL@gmail.com,READ,2024-10-04 23:57:24
HXUpEZKfqjg@gmail.com,DELETE,2024-10-04 15:06:53
rAKOlO@gmail.com,UPDATE,2024-10-04 13:46:05
FFkWUG@gmail.com,CREATE,2024-10-04 19:26:03
aRSCyKfPTcYCY@ya.ru,READ,2024-10-04 16:30:07
kbLqOqJVL@gmail.com,READ,2024-10-04 00:43:40
aRSCyKfPTcYCY@ya.ru,READ,2024-10-04 09:29:15
rAKOlO@gmail.com,READ,2024-10-04 07:25:25
WSbGEouWSRK@ya.ru,DELETE,2024-10-04 05:40:20
kbLqOqJVL@gmail.com,CREATE,2024-10-04 09:48:01
DWYlWGvum@gmail.com,DELETE,2024-10-04 01:36:09
rAKOlO@gmail.com,UPDATE,2024-10-04 00:44:51
qeRSs@gmail.com,UPDATE,2024-10-04 11:06:54
aRSCyKfPTcYCY@ya.ru,READ,2024-10-04 07:57:34
DWYlWGvum@gmail.com,CREATE,2024-10-04 09:59:40
DWYlWGvum@gmail.com,CREATE,2024-10-04 14:43:03
kbLqOqJVL@gmail.com,UPDATE,2024-10-04 22:59:55
kbLqOqJVL@gmail.com,DELETE,2024-10-04 01:20:18
aRrtQbOU@ya.ru,CREATE,2024-10-04 09:47:01
aRSCyKfPTcYCY@ya.ru,READ,2024-10-04 10:28:02
DWYlWGvum@gmail.com,UPDATE,2024-10-04 05:58:09
DWYlWGvum@gmail.com,UPDATE,2024-10-04 09:30:11
aRSCyKfPTcYCY@ya.ru,READ,2024-10-04 06:29:16
MTWclDOxHHze@mail.ru,UPDATE,2024-10-04 15:11:34
qeRSs@gmail.com,READ,2024-10-04 03:53:51
rAKOlO@gmail.com,UPDATE,2024-10-04 13:16:40
HXUpEZKfqjg@gmail.com,READ,2024-10-04 04:34:00
kbLqOqJVL@gmail.com,CREATE,2024-10-04 23:51:28
qeRSs@gmail.com,UPDATE,2024-10-04 12:06:19
WSbGEouWSRK@ya.ru,READ,2024-10-04 01:12:21
aRSCyKfPTcYCY@ya.ru,DELETE,2024-10-04 01:13:01
FFkWUG@gmail.com,CREATE,2024-10-04 10:42:35
aRrtQbOU@ya.ru,CREATE,2024-10-04 02:45:56
MTWclDOxHHze@mail.ru,UPDATE,2024-10-04 17:32:22
WSbGEouWSRK@ya.ru,UPDATE,2024-10-04 10:19:51
rAKOlO@gmail.com,CREATE,2024-10-04 23:53:36
qeRSs@gmail.com,UPDATE,2024-10-04 20:18:17
aRSCyKfPTcYCY@ya.ru,READ,2024-10-04 01:20:18
kbLqOqJVL@gmail.com,READ,2024-10-04 15:25:59
kbLqOqJVL@gmail.com,CREATE,2024-10-04 21:11:35
DWYlWGvum@gmail.com,DELETE,2024-10-04 00:19:39
HXUpEZKfqjg@gmail.com,UPDATE,2024-10-04 06:54:50
FFkWUG@gmail.com,CREATE,2024-10-04 12:14:32
MTWclDOxHHze@mail.ru,CREATE,2024-10-04 07:10:59
WSbGEouWSRK@ya.ru,READ,2024-10-04 12:54:25
rAKOlO@gmail.com,UPDATE,2024-10-04 09:52:39
aRSCyKfPTcYCY@ya.ru,READ,2024-10-04 06:40:21
MTWclDOxHHze@mail.ru,UPDATE,2024-10-04 18:51:29
WSbGEouWSRK@ya.ru,READ,2024-10-04 01:35:16
rAKOlO@gmail.com,CREATE,2024-10-04 23:24:36
WSbGEouWSRK@ya.ru,CREATE,2024-10-04 01:21:30
aRrtQbOU@ya.ru,DELETE,2024-10-04 19:13:00
DWYlWGvum@gmail.com,CREATE,2024-10-04 09:21:32
MTWclDOxHHze@mail.ru,DELETE,2024-10-04 21:11:19
MTWclDOxHHze@mail.ru,UPDATE,2024-10-04 08:38:21
HXUpEZKfqjg@gmail.com,CREATE,2024-10-04 19:18:16
DWYlWGvum@gmail.com,DELETE,2024-10-04 08:27:39
DWYlWGvum@gmail.com,CREATE,2024-10-04 20:30:52
MTWclDOxHHze@mail.ru,UPDATE,2024-10-04 20:07:23
rAKOlO@gmail.com,UPDATE,2024-10-04 11:50:14
FFkWUG@gmail.com,UPDATE,2024-10-04 06:01:09
MTWclDOxHHze@mail.ru,CREATE,2024-10-04 12:14:53
kbLqOqJVL@gmail.com,DELETE,2024-10-04 20:40:01
qeRSs@gmail.com,UPDATE,2024-10-04 16:51:39
FFkWUG@gmail.com,UPDATE,2024-10-04 20:04:46
FFkWUG@gmail.com,DELETE,2024-10-04 11:07:44
aRSCyKfPTcYCY@ya.ru,READ,2024-10-04 09:32:25
HXUpEZKfqjg@gmail.com,UPDATE,2024-10-04 17:57:22
aRrtQbOU@ya.ru,CREATE,2024-10-04 09:00:57
HXUpEZKfqjg@gmail.com,UPDATE,2024-10-04 06:03:31
aRSCyKfPTcYCY@ya.ru,DELETE,2024-10-04 05:06:30
FFkWUG@gmail.com,DELETE,2024-10-04 15:06:42
kbLqOqJVL@gmail.com,CREATE,2024-10-04 14:09:18
aRSCyKfPTcYCY@ya.ru,CREATE,2024-10-04 11:32:07
qeRSs@gmail.com,READ,2024-10-04 11:50:51
rAKOlO@gmail.com,CREATE,2024-10-04 05:08:49
HXUpEZKfqjg@gmail.com,CREATE,2024-10-04 10:31:54
MTWclDOxHHze@mail.ru,DELETE,2024-10-04 05:12:24
DWYlWGvum@gmail.com,CREATE,2024-10-04 16:15:39
MTWclDOxHHze@mail.ru,READ,2024-10-04 15:57:37
aRrtQbOU@ya.ru,UPDATE,2024-10-04 14:56:51
WSbGEouWSRK@ya.ru,DELETE,2024-10-04 03:16:36
DWYlWGvum@gmail.com,CREATE,2024-10-04 04:10:25
aRSCyKfPTcYCY@ya.ru,UPDATE,2024-10-04 02:28:10
MTWclDOxHHze@mail.ru,CREATE,2024-10-04 00:12:17
rAKOlO@gmail.com,CREATE,2024-10-04 14:10:17
FFkWUG@gmail.com,CREATE,2024-10-04 15:06:16
HXUpEZKfqjg@gmail.com,UPDATE,2024-10-04 19:19:13
aRrtQbOU@ya.ru,READ,2024-10-04 18:21:36
rAKOlO@gmail.com,UPDATE,2024-10-04 05:49:19
DWYlWGvum@gmail.com,DELETE,2024-10-04 01:48:14
aRrtQbOU@ya.ru,DELETE,2024-10-04 19:18:06
HXUpEZKfqjg@gmail.com,UPDATE,2024-10-04 10:45:16
HXUpEZKfqjg@gmail.com,DELETE,2024-10-04 01:58:42
HXUpEZKfqjg@gmail.com,DELETE,2024-10-04 15:59:02
aRrtQbOU@ya.ru,READ,2024-10-04 14:57:09
qeRSs@gmail.com,CREATE,2024-10-04 06:35:14
kbLqOqJVL@gmail.com,CREATE,2024-10-04 09:14:46
aRrtQbOU@ya.ru,READ,2024-10-04 14:03:32
kbLqOqJVL@gmail.com,READ,2024-10-04 19:28:52
FFkWUG@gmail.com,READ,2024-10-04 23:57:44
rAKOlO@gmail.com,READ,2024-10-04 16:49:41
aRSCyKfPTcYCY@ya.ru,READ,2024-10-04 06:32:40
qeRSs@gmail.com,CREATE,2024-10-04 06:22:09
aRrtQbOU@ya.ru,CREATE,2024-10-04 15:36:23
FFkWUG@gmail.com,UPDATE,2024-10-04 01:06:10
aRSCyKfPTcYCY@ya.ru,DELETE,2024-10-04 03:11:28
HXUpEZKfqjg@gmail.com,DELETE,2024-10-04 14:22:52
aRrtQbOU@ya.ru,DELETE,2024-10-04 21:13:57
kbLqOqJVL@gmail.com,UPDATE,2024-10-04 02:06:31
HXUpEZKfqjg@gmail.com,UPDATE,2024-10-04 22:44:28
MTWclDOxHHze@mail.ru,CREATE,2024-10-04 19:13:43
WSbGEouWSRK@ya.ru,READ,2024-10-04 03:52:36
MTWclDOxHHze@mail.ru,READ,2024-10-04 14:25:59
rAKOlO@gmail.com,DELETE,2024-10-04 13:59:31
kbLqOqJVL@gmail.com,DELETE,2024-10-04 08:48:52
MTWclDOxHHze@mail.ru,UPDATE,2024-10-04 10:52:05
kbLqOqJVL@gmail.com,CREATE,2024-10-04 04:22:23
HXUpEZKfqjg@gmail.com,DELETE,2024-10-04 02:27:53
rAKOlO@gmail.com,DELETE,2024-10-04 14:06:40
aRrtQbOU@ya.ru,READ,2024-10-04 20:32:14
kbLqOqJVL@gmail.com,READ,2024-10-04 00:07:24
HXUpEZKfqjg@gmail.com,UPDATE,2024-10-04 21:30:56
aRSCyKfPTcYCY@ya.ru,DELETE,2024-10-04 21:13:29
qeRSs@gmail.com,DELETE,2024-10-04 20:30:22
kbLqOqJVL@gmail.com,DELETE,2024-10-04 13:21:29
aRrtQbOU@ya.ru,DELETE,2024-10-04 11:49:05
FFkWUG@gmail.com,CREATE,2024-10-04 21:23:32
MTWclDOxHHze@mail.ru,DELETE,2024-10-04 02:53:41
aRSCyKfPTcYCY@ya.ru,CREATE,2024-10-04 13:51:07
aRrtQbOU@ya.ru,READ,2024-10-04 11:00:54
HXUpEZKfqjg@gmail.com,DELETE,2024-10-04 17:20:48
DWYlWGvum@gmail.com,DELETE,2024-10-04 09:48:36
qeRSs@gmail.com,READ,2024-10-04 22:02:29
kbLqOqJVL@gmail.com,DELETE,2024-10-04 21:04:26
DWYlWGvum@gmail.com,CREATE,2024-10-04 08:57:41
MTWclDOxHHze@mail.ru,DELETE,2024-10-04 10:04:04
rAKOlO@gmail.com,CREATE,2024-10-04 04:10:21
HXUpEZKfqjg@gmail.com,UPDATE,2024-10-04 05:49:53
qeRSs@gmail.com,CREATE,2024-10-04 07:26:11
FFkWUG@gmail.com,READ,2024-10-04 09:31:39
MTWclDOxHHze@mail.ru,READ,2024-10-04 23:59:03
kbLqOqJVL@gmail.com,DELETE,2024-10-04 23:33:32
aRrtQbOU@ya.ru,DELETE,2024-10-04 22:41:15
MTWclDOxHHze@mail.ru,UPDATE,2024-10-04 04:15:15
kbLqOqJVL@gmail.com,DELETE,2024-10-04 02:33:03
WSbGEouWSRK@ya.ru,DELETE,2024-10-04 17:10:28
qeRSs@gmail.com,READ,2024-10-04 21:12:32
kbLqOqJVL@gmail.com,CREATE,2024-10-04 11:22:04
DWYlWGvum@gmail.com,DELETE,2024-10-04 13:03:24
aRrtQbOU@ya.ru,UPDATE,2024-10-04 19:09:38
aRrtQbOU@ya.ru,UPDATE,2024-10-04 19:04:19
rAKOlO@gmail.com,DELETE,2024-10-04 14:09:42
kbLqOqJVL@gmail.com,CREATE,2024-10-04 12:11:38
WSbGEouWSRK@ya.ru,READ,2024-10-04 20:52:13
FFkWUG@gmail.com,UPDATE,2024-10-04 01:40:32
DWYlWGvum@gmail.com,READ,2024-10-04 04:51:19
MTWclDOxHHze@mail.ru,READ,2024-10-04 04:30:00
WSbGEouWSRK@ya.ru,DELETE,2024-10-04 21:30:09
WSbGEouWSRK@ya.ru,READ,2024-10-04 06:32:40
aRrtQbOU@ya.ru,UPDATE,2024-10-04 16:38:17
WSbGEouWSRK@ya.ru,READ,2024-10-04 16:22:18
DWYlWGvum@gmail.com,READ,2024-10-04 05:46:35
qeRSs@gmail.com,READ,2024-10-04 06:25:09
HXUpEZKfqjg@gmail.com,UPDATE,2024-10-04 00:46:07
DWYlWGvum@gmail.com,CREATE,2024-10-04 05:47:52
DWYlWGvum@gmail.com,DELETE,2024-10-04 16:01:17
MTWclDOxHHze@mail.ru,CREATE,2024-10-04 01:28:54
FFkWUG@gmail.com,DELETE,2024-10-04 05:35:55
WSbGEouWSRK@ya.ru,READ,2024-10-04 00:16:13
DWYlWGvum@gmail.com,DELETE,2024-10-04 09:00:40
qeRSs@gmail.com,DELETE,2024-10-04 16:02:23
aRrtQbOU@ya.ru,READ,2024-10-04 14:38:13
kbLqOqJVL@gmail.com,READ,2024-10-04 11:06:13
MTWclDOxHHze@mail.ru,UPDATE,2024-10-04 13:51:49
qeRSs@gmail.com,READ,2024-10-04 15:19:43
qeRSs@gmail.com,READ,2024-10-04 08:36:29
MTWclDOxHHze@mail.ru,CREATE,2024-10-04 06:16:10
rAKOlO@gmail.com,DELETE,2024-10-04 22:35:39
DWYlWGvum@gmail.com,READ,2024-10-04 19:43:20
rAKOlO@gmail.com,DELETE,2024-10-04 17:18:58
DWYlWGvum@gmail.com,CREATE,2024-10-04 23:06:08
MTWclDOxHHze@mail.ru,CREATE,2024-10-04 14:11:46
aRrtQbOU@ya.ru,READ,2024-10-04 01:24:18
MTWclDOxHHze@mail.ru,READ,2024-10-04 17:44:28
aRSCyKfPTcYCY@ya.ru,UPDATE,2024-10-04 04:35:24
rAKOlO@gmail.com,DELETE,2024-10-04 08:09:53
HXUpEZKfqjg@gmail.com,UPDATE,2024-10-04 18:18:33
aRSCyKfPTcYCY@ya.ru,READ,2024-10-04 02:18:51
MTWclDOxHHze@mail.ru,DELETE,2024-10-04 10:45:03
qeRSs@gmail.com,UPDATE,2024-10-04 23:16:39
aRSCyKfPTcYCY@ya.ru,CREATE,2024-10-04 07:50:57
MTWclDOxHHze@mail.ru,CREATE,2024-10-04 00:33:24
DWYlWGvum@gmail.com,UPDATE,2024-10-04 22:25:36
kbLqOqJVL@gmail.com,READ,2024-10-04 09:11:18
HXUpEZKfqjg@gmail.com,DELETE,2024-10-04 15:20:03
HXUpEZKfqjg@gmail.com,UPDATE,2024-10-04 12:59:47
aRSCyKfPTcYCY@ya.ru,UPDATE,2024-10-04 06:35:52
WSbGEouWSRK@ya.ru,DELETE,2024-10-04 08:29:28
aRrtQbOU@ya.ru,UPDATE,2024-10-04 00:57:53
DWYlWGvum@gmail.com,DELETE,2024-10-04 13:23:33
qeRSs@gmail.com,READ,2024-10-04 09:14:53
qeRSs@gmail.com,DELETE,2024-10-04 06:18:58
MTWclDOxHHze@mail.ru,UPDATE,2024-10-04 15:53:45
FFkWUG@gmail.com,READ,2024-10-04 01:18:20
aRSCyKfPTcYCY@ya.ru,READ,2024-10-04 02:27:08
MTWclDOxHHze@mail.ru,READ,2024-10-04 11:42:08
kbLqOqJVL@gmail.com,CREATE,2024-10-04 10:01:22
kbLqOqJVL@gmail.com,READ,2024-10-04 02:19:37
aRSCyKfPTcYCY@ya.ru,DELETE,2024-10-04 03:36:10
aRSCyKfPTcYCY@ya.ru,UPDATE,2024-10-04 04:20:01
HXUpEZKfqjg@gmail.com,CREATE,2024-10-04 15:30:46
FFkWUG@gmail.com,UPDATE,2024-10-04 16:40:05
rAKOlO@gmail.com,READ,2024-10-04 05:47:25
HXUpEZKfqjg@gmail.com,UPDATE,2024-10-04 06:46:07
DWYlWGvum@gmail.com,UPDATE,2024-10-04 18:01:01
aRSCyKfPTcYCY@ya.ru,UPDATE,2024-10-04 11:28:20
qeRSs@gmail.com,DELETE,2024-10-04 23:26:06
kbLqOqJVL@gmail.com,UPDATE,2024-10-04 19:04:24
aRrtQbOU@ya.ru,CREATE,2024-10-04 06:01:28
kbLqOqJVL@gmail.com,READ,2024-10-04 21:12:09
MTWclDOxHHze@mail.ru,UPDATE,2024-10-04 16:52:57
rAKOlO@gmail.com,UPDATE,2024-10-04 20:01:14
qeRSs@gmail.com,DELETE,2024-10-04 17:26:46
kbLqOqJVL@gmail.com,DELETE,2024-10-04 00:27:00
WSbGEouWSRK@ya.ru,READ,2024-10-04 11:48:20
MTWclDOxHHze@mail.ru,CREATE,2024-10-04 21:41:49
DWYlWGvum@gmail.com,CREATE,2024-10-04 22:28:14
HXUpEZKfqjg@gmail.com,DELETE,2024-10-04 00:17:04
qeRSs@gmail.com,DELETE,2024-10-04 21:20:53
kbLqOqJVL@gmail.com,DELETE,2024-10-04 12:50:16
DWYlWGvum@gmail.com,READ,2024-10-04 14:19:40
FFkWUG@gmail.com,UPDATE,2024-10-04 20:30:11
FFkWUG@gmail.com,CREATE,2024-10-04 08:54:42
kbLqOqJVL@gmail.com,READ,2024-10-04 09:18:50
aRSCyKfPTcYCY@ya.ru,UPDATE,2024-10-04 03:25:28
MTWclDOxHHze@mail.ru,CREATE,2024-10-04 20:44:26
WSbGEouWSRK@ya.ru,DELETE,2024-10-04 23:14:57
MTWclDOxHHze@mail.ru,CREATE,2024-10-04 14:35:58
WSbGEouWSRK@ya.ru,CREATE,2024-10-04 02:47:46
MTWclDOxHHze@mail.ru,UPDATE,2024-10-04 14:17:27
aRSCyKfPTcYCY@ya.ru,CREATE,2024-10-04 09:14:26
kbLqOqJVL@gmail.com,CREATE,2024-10-04 06:57:55
kbLqOqJVL@gmail.com,CREATE,2024-10-04 03:51:01
FFkWUG@gmail.com,CREATE,2024-10-04 10:33:30
WSbGEouWSRK@ya.ru,READ,2024-10-04 08:16:36
kbLqOqJVL@gmail.com,READ,2024-10-04 21:44:46
kbLqOqJVL@gmail.com,READ,2024-10-04 18:26:26
aRrtQbOU@ya.ru,DELETE,2024-10-04 05:39:40
MTWclDOxHHze@mail.ru,UPDATE,2024-10-04 23:16:37
rAKOlO@gmail.com,UPDATE,2024-10-04 17:20:52
aRSCyKfPTcYCY@ya.ru,READ,2024-10-04 19:43:06
kbLqOqJVL@gmail.com,DELETE,2024-10-04 11:48:15
qeRSs@gmail.com,READ,2024-10-04 17:08:51
aRrtQbOU@ya.ru,CREATE,2024-10-04 01:41:34
FFkWUG@gmail.com,UPDATE,2024-10-04 16:42:29
aRSCyKfPTcYCY@ya.ru,UPDATE,2024-10-04 14:14:29
rAKOlO@gmail.com,READ,2024-10-04 09:21:50
DWYlWGvum@gmail.com,UPDATE,2024-10-04 21:56:20
qeRSs@gmail.com,UPDATE,2024-10-04 21:07:07
qeRSs@gmail.com,CREATE,2024-10-04 01:59:45
kbLqOqJVL@gmail.com,DELETE,2024-10-04 22:24:40
aRrtQbOU@ya.ru,UPDATE,2024-10-04 22:11:41
FFkWUG@gmail.com,UPDATE,2024-10-04 09:51:20
DWYlWGvum@gmail.com,READ,2024-10-04 18:23:45
WSbGEouWSRK@ya.ru,UPDATE,2024-10-04 03:23:17
qeRSs@gmail.com,CREATE,2024-10-04 19:13:55
aRSCyKfPTcYCY@ya.ru,DELETE,2024-10-04 18:11:31
qeRSs@gmail.com,READ,2024-10-04 06:20:11
qeRSs@gmail.com,READ,2024-10-04 03:10:17
WSbGEouWSRK@ya.ru,DELETE,2024-10-04 08:16:43
HXUpEZKfqjg@gmail.com,CREATE,2024-10-04 11:30:05
qeRSs@gmail.com,DELETE,2024-10-04 09:55:11
MTWclDOxHHze@mail.ru,DELETE,2024-10-04 07:40:48
FFkWUG@gmail.com,READ,2024-10-04 06:32:44
aRSCyKfPTcYCY@ya.ru,READ,2024-10-04 15:59:14
FFkWUG@gmail.com,DELETE,2024-10-04 05:38:27
aRrtQbOU@ya.ru,READ,2024-10-04 02:43:58
kbLqOqJVL@gmail.com,READ,2024-10-04 00:19:15
WSbGEouWSRK@ya.ru,DELETE,2024-10-04 23:48:06
rAKOlO@gmail.com,UPDATE,2024-10-04 22:01:41
aRSCyKfPTcYCY@ya.ru,UPDATE,2024-10-04 19:07:19
FFkWUG@gmail.com,READ,2024-10-04 04:12:30
aRSCyKfPTcYCY@ya.ru,UPDATE,2024-10-04 08:01:04
aRrtQbOU@ya.ru,DELETE,2024-10-04 01:51:30
DWYlWGvum@gmail.com,READ,2024-10-04 19:51:35
aRSCyKfPTcYCY@ya.ru,UPDATE,2024-10-04 02:23:39
kbLqOqJVL@gmail.com,DELETE,2024-10-04 08:52:39
MTWclDOxHHze@mail.ru,DELETE,2024-10-04 22:08:15
DWYlWGvum@gmail.com,CREATE,2024-10-04 07:05:14
kbLqOqJVL@gmail.com,READ,2024-10-04 19:33:28
WSbGEouWSRK@ya.ru,DELETE,2024-10-04 16:58:12
rAKOlO@gmail.com,DELETE,2024-10-04 23:52:47
WSbGEouWSRK@ya.ru,READ,2024-10-04 21:04:25
MTWclDOxHHze@mail.ru,DELETE,2024-10-04 14:53:31
MTWclDOxHHze@mail.ru,UPDATE,2024-10-04 06:49:23
rAKOlO@gmail.com,DELETE,2024-10-04 20:45:13
aRrtQbOU@ya.ru,READ,2024-10-04 19:30:09
aRSCyKfPTcYCY@ya.ru,DELETE,2024-10-04 14:11:18
qeRSs@gmail.com,READ,2024-10-04 18:14:34
kbLqOqJVL@gmail.com,DELETE,2024-10-04 06:19:34
MTWclDOxHHze@mail.ru,DELETE,2024-10-04 23:00:29
HXUpEZKfqjg@gmail.com,DELETE,2024-10-04 00:55:01
HXUpEZKfqjg@gmail.com,CREATE,2024-10-04 21:20:08
aRSCyKfPTcYCY@ya.ru,CREATE,2024-10-04 01:22:05
kbLqOqJVL@gmail.com,CREATE,2024-10-04 22:22:28
rAKOlO@gmail.com,DELETE,2024-10-04 21:15:49
aRSCyKfPTcYCY@ya.ru,CREATE,2024-10-04 03:21:15
kbLqOqJVL@gmail.com,DELETE,2024-10-04 04:14:47
FFkWUG@gmail.com,CREATE,2024-10-04 07:00:49
kbLqOqJVL@gmail.com,CREATE,2024-10-04 06:55:47
rAKOlO@gmail.com,DELETE,2024-10-04 10:55:40
WSbGEouWSRK@ya.ru,UPDATE,2024-10-04 18:31:30
MTWclDOxHHze@mail.ru,READ,2024-10-04 08:28:02
DWYlWGvum@gmail.com,CREATE,2024-10-04 18:21:54
WSbGEouWSRK@ya.ru,UPDATE,2024-10-04 13:16:21
FFkWUG@gmail.com,UPDATE,2024-10-04 13:24:11
aRrtQbOU@ya.ru,UPDATE,2024-10-04 21:13:53
FFkWUG@gmail.com,READ,2024-10-04 13:35:53
HXUpEZKfqjg@gmail.com,CREATE,2024-10-04 05:13:32
rAKOlO@gmail.com,CREATE,2024-10-04 01:46:33
DWYlWGvum@gmail.com,DELETE,2024-10-04 00:50:22
kbLqOqJVL@gmail.com,UPDATE,2024-10-04 09:46:42
WSbGEouWSRK@ya.ru,DELETE,2024-10-04 11:57:09
MTWclDOxHHze@mail.ru,UPDATE,2024-10-04 14:31:39
qeRSs@gmail.com,READ,2024-10-04 18:01:44
WSbGEouWSRK@ya.ru,DELETE,2024-10-04 10:20:14
qeRSs@gmail.com,READ,2024-10-04 12:45:39
MTWclDOxHHze@mail.ru,READ,2024-10-04 17:33:39
aRrtQbOU@ya.ru,READ,2024-10-04 10:17:31
WSbGEouWSRK@ya.ru,CREATE,2024-10-04 11:50:12
aRrtQbOU@ya.ru,CREATE,2024-10-04 03:32:13
qeRSs@gmail.com,DELETE,2024-10-04 15:29:29
FFkWUG@gmail.com,READ,2024-10-04 13:59:19
DWYlWGvum@gmail.com,READ,2024-10-04 10:49:28
MTWclDOxHHze@mail.ru,READ,2024-10-04 22:19:16
aRSCyKfPTcYCY@ya.ru,DELETE,2024-10-04 11:48:54
FFkWUG@gmail.com,DELETE,2024-10-04 15:44:44
kbLqOqJVL@gmail.com,DELETE,2024-10-04 04:28:27
MTWclDOxHHze@mail.ru,UPDATE,2024-10-04 02:21:48
aRSCyKfPTcYCY@ya.ru,DELETE,2024-10-04 02:27:26
WSbGEouWSRK@ya.ru,DELETE,2024-10-04 08:41:44
aRSCyKfPTcYCY@ya.ru,READ,2024-10-04 05:07:46
DWYlWGvum@gmail.com,DELETE,2024-10-04 23:12:26
qeRSs@gmail.com,CREATE,2024-10-04 11:30:01
aRrtQbOU@ya.ru,DELETE,2024-10-04 23:04:40
rAKOlO@gmail.com,READ,2024-10-04 05:04:04
FFkWUG@gmail.com,READ,2024-10-04 22:51:41
qeRSs@gmail.com,UPDATE,2024-10-04 05:01:15
rAKOlO@gmail.com,UPDATE,2024-10-04 00:52:34
DWYlWGvum@gmail.com,DELETE,2024-10-04 03:25:38
WSbGEouWSRK@ya.ru,DELETE,2024-10-04 03:05:44
qeRSs@gmail.com,CREATE,2024-10-04 23:28:41
qeRSs@gmail.com,DELETE,2024-10-04 01:15:25
rAKOlO@gmail.com,READ,2024-10-04 02:20:44
aRSCyKfPTcYCY@ya.ru,DELETE,2024-10-04 15:26:20
MTWclDOxHHze@mail.ru,UPDATE,2024-10-04 18:31:25
WSbGEouWSRK@ya.ru,CREATE,2024-10-04 17:05:02
MTWclDOxHHze@mail.ru,DELETE,2024-10-04 21:44:45
aRrtQbOU@ya.ru,READ,2024-10-04 00:17:50
kbLqOqJVL@gmail.com,READ,2024-10-04 10:40:44
DWYlWGvum@gmail.com,UPDATE,2024-10-04 03:26:03
kbLqOqJVL@gmail.com,READ,2024-10-04 07:02:16
HXUpEZKfqjg@gmail.com,CREATE,2024-10-04 13:49:48
qeRSs@gmail.com,READ,2024-10-04 18:35:49
WSbGEouWSRK@ya.ru,DELETE,2024-10-04 16:25:41
DWYlWGvum@gmail.com,UPDATE,2024-10-04 00:17:00
aRrtQbOU@ya.ru,READ,2024-10-04 15:15:15
kbLqOqJVL@gmail.com,DELETE,2024-10-04 00:02:40
MTWclDOxHHze@mail.ru,UPDATE,2024-10-04 02:46:35
kbLqOqJVL@gmail.com,CREATE,2024-10-04 09:32:55
DWYlWGvum@gmail.com,CREATE,2024-10-04 14:27:39
HXUpEZKfqjg@gmail.com,UPDATE,2024-10-04 18:22:10
HXUpEZKfqjg@gmail.com,UPDATE,2024-10-04 04:19:55
FFkWUG@gmail.com,CREATE,2024-10-04 13:17:22
FFkWUG@gmail.com,UPDATE,2024-10-04 02:14:06
DWYlWGvum@gmail.com,UPDATE,2024-10-04 04:52:17
aRrtQbOU@ya.ru,DELETE,2024-10-04 22:27:29
qeRSs@gmail.com,READ,2024-10-04 23:26:56
qeRSs@gmail.com,READ,2024-10-04 19:48:19
qeRSs@gmail.com,DELETE,2024-10-04 02:33:23
MTWclDOxHHze@mail.ru,DELETE,2024-10-04 09:12:49
kbLqOqJVL@gmail.com,CREATE,2024-10-04 03:39:23
aRrtQbOU@ya.ru,READ,2024-10-04 12:08:45
FFkWUG@gmail.com,DELETE,2024-10-04 00:20:25
aRSCyKfPTcYCY@ya.ru,UPDATE,2024-10-04 05:01:08
DWYlWGvum@gmail.com,READ,2024-10-04 00:38:58
MTWclDOxHHze@mail.ru,UPDATE,2024-10-04 12:37:39
WSbGEouWSRK@ya.ru,DELETE,2024-10-04 14:41:23
DWYlWGvum@gmail.com,CREATE,2024-10-04 04:01:50
rAKOlO@gmail.com,DELETE,2024-10-04 22:22:04
kbLqOqJVL@gmail.com,UPDATE,2024-10-04 20:38:37
rAKOlO@gmail.com,UPDATE,2024-10-04 18:16:34
qeRSs@gmail.com,UPDATE,2024-10-04 06:03:47
DWYlWGvum@gmail.com,CREATE,2024-10-04 15:17:41
kbLqOqJVL@gmail.com,DELETE,2024-10-04 03:06:20
WSbGEouWSRK@ya.ru,READ,2024-10-04 00:32:00
FFkWUG@gmail.com,CREATE,2024-10-04 15:14:01
WSbGEouWSRK@ya.ru,CREATE,2024-10-04 10:57:17
qeRSs@gmail.com,CREATE,2024-10-04 00:24:26
aRrtQbOU@ya.ru,UPDATE,2024-10-04 10:01:13
MTWclDOxHHze@mail.ru,CREATE,2024-10-04 00:07:06
rAKOlO@gmail.com,CREATE,2024-10-04 04:20:28
kbLqOqJVL@gmail.com,CREATE,2024-10-04 10:34:34
qeRSs@gmail.com,UPDATE,2024-10-04 03:00:49
aRrtQbOU@ya.ru,UPDATE,2024-10-04 04:14:14
aRrtQbOU@ya.ru,READ,2024-10-04 03:14:35
kbLqOqJVL@gmail.com,CREATE,2024-10-04 08:26:35
kbLqOqJVL@gmail.com,DELETE,2024-10-04 07:29:39
MTWclDOxHHze@mail.ru,CREATE,2024-10-04 12:08:09
qeRSs@gmail.com,READ,2024-10-04 11:15:46
aRrtQbOU@ya.ru,READ,2024-10-04 05:39:15
WSbGEouWSRK@ya.ru,CREATE,2024-10-04 14:14:52
HXUpEZKfqjg@gmail.com,CREATE,2024-10-04 05:19:03
aRrtQbOU@ya.ru,CREATE,2024-10-04 19:53:54
aRSCyKfPTcYCY@ya.ru,DELETE,2024-10-04 03:14:43
rAKOlO@gmail.com,UPDATE,2024-10-04 18:30:10
kbLqOqJVL@gmail.com,DELETE,2024-10-04 17:43:19
kbLqOqJVL@gmail.com,UPDATE,2024-10-04 19:58:44
aRSCyKfPTcYCY@ya.ru,CREATE,2024-10-04 08:18:49
aRrtQbOU@ya.ru,READ,2024-10-04 01:55:10
FFkWUG@gmail.com,CREATE,2024-10-04 01:11:49
WSbGEouWSRK@ya.ru,DELETE,2024-10-04 04:13:43
MTWclDOxHHze@mail.ru,UPDATE,2024-10-04 06:10:38
aRSCyKfPTcYCY@ya.ru,CREATE,2024-10-04 16:04:28
aRrtQbOU@ya.ru,DELETE,2024-10-04 07:14:19
FFkWUG@gmail.com,CREATE,2024-10-04 08:46:37
HXUpEZKfqjg@gmail.com,READ,2024-10-04 03:06:21
MTWclDOxHHze@mail.ru,UPDATE,2024-10-04 22:28:13
qeRSs@gmail.com,UPDATE,2024-10-04 18:45:52
DWYlWGvum@gmail.com,READ,2024-10-04 23:56:11
rAKOlO@gmail.com,UPDATE,2024-10-04 04:10:12
MTWclDOxHHze@mail.ru,UPDATE,2024-10-04 09:47:36
kbLqOqJVL@gmail.com,CREATE,2024-10-04 14:57:32
FFkWUG@gmail.com,UPDATE,2024-10-04 10:34:27
aRrtQbOU@ya.ru,READ,2024-10-04 06:05:22
MTWclDOxHHze@mail.ru,CREATE,2024-10-04 22:18:44
WSbGEouWSRK@ya.ru,UPDATE,2024-10-04 10:03:58
aRSCyKfPTcYCY@ya.ru,READ,2024-10-04 23:49:52
rAKOlO@gmail.com,CREATE,2024-10-04 04:45:08
WSbGEouWSRK@ya.ru,CREATE,2024-10-04 04:58:17
qeRSs@gmail.com,READ,2024-10-04 07:25:04
aRrtQbOU@ya.ru,DELETE,2024-10-04 22:20:59
rAKOlO@gmail.com,DELETE,2024-10-04 13:14:32
qeRSs@gmail.com,CREATE,2024-10-04 03:45:56
kbLqOqJVL@gmail.com,READ,2024-10-04 13:37:03
rAKOlO@gmail.com,DELETE,2024-10-04 22:02:18
WSbGEouWSRK@ya.ru,READ,2024-10-04 03:20:41
WSbGEouWSRK@ya.ru,READ,2024-10-04 04:33:20
qeRSs@gmail.com,DELETE,2024-10-04 16:36:58
aRrtQbOU@ya.ru,DELETE,2024-10-04 12:15:13
rAKOlO@gmail.com,DELETE,2024-10-04 20:33:52
aRSCyKfPTcYCY@ya.ru,READ,2024-10-04 14:15:51
qeRSs@gmail.com,DELETE,2024-10-04 14:31:19
HXUpEZKfqjg@gmail.com,UPDATE,2024-10-04 14:15:58
DWYlWGvum@gmail.com,DELETE,2024-10-04 16:48:14
aRrtQbOU@ya.ru,DELETE,2024-10-04 15:07:51
qeRSs@gmail.com,DELETE,2024-10-04 18:29:50
WSbGEouWSRK@ya.ru,DELETE,2024-10-04 10:21:06
WSbGEouWSRK@ya.ru,UPDATE,2024-10-04 05:02:39
HXUpEZKfqjg@gmail.com,CREATE,2024-10-04 10:28:48
DWYlWGvum@gmail.com,DELETE,2024-10-04 13:50:56
aRSCyKfPTcYCY@ya.ru,DELETE,2024-10-04 07:48:24
HXUpEZKfqjg@gmail.com,DELETE,2024-10-04 01:41:39
rAKOlO@gmail.com,READ,2024-10-04 16:09:43
DWYlWGvum@gmail.com,DELETE,2024-10-04 07:01:32
HXUpEZKfqjg@gmail.com,UPDATE,2024-10-04 09:49:06
MTWclDOxHHze@mail.ru,READ,2024-10-04 20:16:25
kbLqOqJVL@gmail.com,DELETE,2024-10-04 21:26:52
MTWclDOxHHze@mail.ru,CREATE,2024-10-04 06:22:36
FFkWUG@gmail.com,UPDATE,2024-10-04 21:11:01
qeRSs@gmail.com,DELETE,2024-10-04 01:46:55
kbLqOqJVL@gmail.com,DELETE,2024-10-04 08:44:14
aRrtQbOU@ya.ru,READ,2024-10-04 03:16:37
qeRSs@gmail.com,UPDATE,2024-10-04 01:32:24
qeRSs@gmail.com,UPDATE,2024-10-04 15:01:27
DWYlWGvum@gmail.com,CREATE,2024-10-04 10:37:11
aRrtQbOU@ya.ru,CREATE,2024-10-04 12:21:56
aRSCyKfPTcYCY@ya.ru,UPDATE,2024-10-04 08:10:03
MTWclDOxHHze@mail.ru,DELETE,2024-10-04 18:53:09
qeRSs@gmail.com,DELETE,2024-10-04 03:27:30
FFkWUG@gmail.com,DELETE,2024-10-04 22:29:46
aRSCyKfPTcYCY@ya.ru,UPDATE,2024-10-04 16:47:16
MTWclDOxHHze@mail.ru,READ,2024-10-04 06:11:12
DWYlWGvum@gmail.com,READ,2024-10-04 16:48:57
kbLqOqJVL@gmail.com,READ,2024-10-04 10:17:16
rAKOlO@gmail.com,UPDATE,2024-10-04 10:25:09
HXUpEZKfqjg@gmail.com,READ,2024-10-04 04:39:37
rAKOlO@gmail.com,READ,2024-10-04 08:09:59
HXUpEZKfqjg@gmail.com,CREATE,2024-10-04 19:53:39
rAKOlO@gmail.com,READ,2024-10-04 18:24:19
rAKOlO@gmail.com,READ,2024-10-04 07:07:43
rAKOlO@gmail.com,READ,2024-10-04 05:34:12
WSbGEouWSRK@ya.ru,READ,2024-10-04 22:24:54
kbLqOqJVL@gmail.com,CREATE,2024-10-04 00:19:27
kbLqOqJVL@gmail.com,CREATE,2024-10-04 11:43:08
HXUpEZKfqjg@gmail.com,READ,2024-10-04 17:08:34
qeRSs@gmail.com,CREATE,2024-10-04 02:04:03
HXUpEZKfqjg@gmail.com,CREATE,2024-10-04 04:26:52
aRSCyKfPTcYCY@ya.ru,DELETE,2024-10-04 14:07:08
kbLqOqJVL@gmail.com,UPDATE,2024-10-04 16:43:55
aRSCyKfPTcYCY@ya.ru,DELETE,2024-10-04 22:52:27
qeRSs@gmail.com,CREATE,2024-10-04 21:19:27
MTWclDOxHHze@mail.ru,DELETE,2024-10-04 14:17:42
MTWclDOxHHze@mail.ru,UPDATE,2024-10-04 10:04:50
HXUpEZKfqjg@gmail.com,CREATE,2024-10-04 19:00:20
MTWclDOxHHze@mail.ru,DELETE,2024-10-04 18:31:55
DWYlWGvum@gmail.com,UPDATE,2024-10-04 21:36:07
kbLqOqJVL@gmail.com,CREATE,2024-10-04 09:59:46
qeRSs@gmail.com,UPDATE,2024-10-04 15:43:19
FFkWUG@gmail.com,UPDATE,2024-10-04 08:43:04
aRrtQbOU@ya.ru,DELETE,2024-10-04 05:43:24
HXUpEZKfqjg@gmail.com,UPDATE,2024-10-04 21:01:49
qeRSs@gmail.com,READ,2024-10-04 06:25:59
WSbGEouWSRK@ya.ru,CREATE,2024-10-04 11:40:26
HXUpEZKfqjg@gmail.com,READ,2024-10-04 20:24:38
FFkWUG@gmail.com,DELETE,2024-10-04 18:42:26
aRrtQbOU@ya.ru,UPDATE,2024-10-04 08:46:38
aRSCyKfPTcYCY@ya.ru,READ,2024-10-04 13:10:37
DWYlWGvum@gmail.com,UPDATE,2024-10-04 07:18:41
MTWclDOxHHze@mail.ru,UPDATE,2024-10-04 19:50:48
DWYlWGvum@gmail.com,READ,2024-10-04 14:27:40
rAKOlO@gmail.com,CREATE,2024-10-04 23:53:06
qeRSs@gmail.com,READ,2024-10-04 04:15:32
WSbGEouWSRK@ya.ru,CREATE,2024-10-04 01:49:41
FFkWUG@gmail.com,READ,2024-10-04 21:42:07
DWYlWGvum@gmail.com,READ,2024-10-04 10:31:09
aRSCyKfPTcYCY@ya.ru,UPDATE,2024-10-04 12:40:56
aRSCyKfPTcYCY@ya.ru,CREATE,2024-10-04 02:23:00
FFkWUG@gmail.com,UPDATE,2024-10-04 15:57:44
MTWclDOxHHze@mail.ru,CREATE,2024-10-04 07:43:42
DWYlWGvum@gmail.com,DELETE,2024-10-04 00:41:31
DWYlWGvum@gmail.com,DELETE,2024-10-04 13:44:26
WSbGEouWSRK@ya.ru,DELETE,2024-10-04 08:25:21
qeRSs@gmail.com,UPDATE,2024-10-04 05:33:38
HXUpEZKfqjg@gmail.com,READ,2024-10-04 02:49:20
aRrtQbOU@ya.ru,CREATE,2024-10-04 11:02:51
kbLqOqJVL@gmail.com,READ,2024-10-04 12:39:15
rAKOlO@gmail.com,DELETE,2024-10-04 06:27:04
qeRSs@gmail.com,READ,2024-10-04 03:32:49
qeRSs@gmail.com,READ,2024-10-04 16:08:47
rAKOlO@gmail.com,DELETE,2024-10-04 04:31:10
aRrtQbOU@ya.ru,DELETE,2024-10-04 13:24:11
rAKOlO@gmail.com,CREATE,2024-10-04 21:30:25
MTWclDOxHHze@mail.ru,CREATE,2024-10-04 16:50:39
qeRSs@gmail.com,UPDATE,2024-10-04 04:46:04
FFkWUG@gmail.com,DELETE,2024-10-04 08:09:49
FFkWUG@gmail.com,READ,2024-10-04 18:38:26
FFkWUG@gmail.com,READ,2024-10-04 08:31:39
WSbGEouWSRK@ya.ru,UPDATE,2024-10-04 04:14:58
MTWclDOxHHze@mail.ru,CREATE,2024-10-04 04:49:27
kbLqOqJVL@gmail.com,UPDATE,2024-10-04 23:47:55
kbLqOqJVL@gmail.com,DELETE,2024-10-04 10:34:38
aRSCyKfPTcYCY@ya.ru,DELETE,2024-10-04 06:10:42
aRrtQbOU@ya.ru,DELETE,2024-10-04 08:15:16
WSbGEouWSRK@ya.ru,CREATE,2024-10-04 09:40:06
HXUpEZKfqjg@gmail.com,READ,2024-10-04 05:51:32
FFkWUG@gmail.com,DELETE,2024-10-04 07:02:10
aRSCyKfPTcYCY@ya.ru,READ,2024-10-04 13:50:12
aRSCyKfPTcYCY@ya.ru,UPDATE,2024-10-04 12:41:38
WSbGEouWSRK@ya.ru,DELETE,2024-10-04 00:18:11
aRrtQbOU@ya.ru,UPDATE,2024-10-04 21:06:04
qeRSs@gmail.com,UPDATE,2024-10-04 09:45:39
aRrtQbOU@ya.ru,CREATE,2024-10-04 08:29:08
MTWclDOxHHze@mail.ru,DELETE,2024-10-04 22:57:38
aRSCyKfPTcYCY@ya.ru,UPDATE,2024-10-04 17:37:58
aRrtQbOU@ya.ru,UPDATE,2024-10-04 14:40:05
qeRSs@gmail.com,UPDATE,2024-10-04 07:24:37
WSbGEouWSRK@ya.ru,CREATE,2024-10-04 02:51:15
MTWclDOxHHze@mail.ru,UPDATE,2024-10-04 03:07:25
aRSCyKfPTcYCY@ya.ru,READ,2024-10-04 17:43:42
aRSCyKfPTcYCY@ya.ru,DELETE,2024-10-04 00:40:42
HXUpEZKfqjg@gmail.com,UPDATE,2024-10-04 06:46:35
MTWclDOxHHze@mail.ru,UPDATE,2024-10-04 13:04:32
qeRSs@gmail.com,READ,2024-10-04 06:18:33
FFkWUG@gmail.com,READ,2024-10-04 03:49:04
qeRSs@gmail.com,CREATE,2024-10-04 00:38:59
HXUpEZKfqjg@gmail.com,CREATE,2024-10-04 02:36:41
aRrtQbOU@ya.ru,READ,2024-10-04 16:52:51
aRSCyKfPTcYCY@ya.ru,UPDATE,2024-10-04 10:54:58
FFkWUG@gmail.com,CREATE,2024-10-04 10:04:53
kbLqOqJVL@gmail.com,UPDATE,2024-10-04 22:48:07
qeRSs@gmail.com,UPDATE,2024-10-04 12:21:11
kbLqOqJVL@gmail.com,READ,2024-10-04 17:41:13
rAKOlO@gmail.com,CREATE,2024-10-04 08:26:54
WSbGEouWSRK@ya.ru,READ,2024-10-04 18:53:01
qeRSs@gmail.com,CREATE,2024-10-04 06:30:18
HXUpEZKfqjg@gmail.com,READ,2024-10-04 04:37:29
rAKOlO@gmail.com,DELETE,2024-10-04 09:10:41
qeRSs@gmail.com,UPDATE,2024-10-04 19:37:21
qeRSs@gmail.com,UPDATE,2024-10-04 08:18:49
rAKOlO@gmail.com,CREATE,2024-10-04 19:56:54
WSbGEouWSRK@ya.ru,UPDATE,2024-10-04 05:41:11
aRSCyKfPTcYCY@ya.ru,UPDATE,2024-10-04 02:19:33
FFkWUG@gmail.com,UPDATE,2024-10-04 03:10:57
qeRSs@gmail.com,CREATE,2024-10-04 21:40:51
aRSCyKfPTcYCY@ya.ru,CREATE,2024-10-04 10:52:55
WSbGEouWSRK@ya.ru,UPDATE,2024-10-04 14:47:26
HXUpEZKfqjg@gmail.com,READ,2024-10-04 16:52:00
DWYlWGvum@gmail.com,READ,2024-10-04 18:11:16
DWYlWGvum@gmail.com,DELETE,2024-10-04 16:46:56
FFkWUG@gmail.com,UPDATE,2024-10-04 04:10:10
aRSCyKfPTcYCY@ya.ru,CREATE,2024-10-04 18:54:24
kbLqOqJVL@gmail.com,READ,2024-10-04 17:16:01
DWYlWGvum@gmail.com,READ,2024-10-04 10:48:31
WSbGEouWSRK@ya.ru,UPDATE,2024-10-04 21:14:21
DWYlWGvum@gmail.com,UPDATE,2024-10-04 11:51:15
FFkWUG@gmail.com,DELETE,2024-10-04 12:20:07
aRSCyKfPTcYCY@ya.ru,DELETE,2024-10-04 18:41:56
rAKOlO@gmail.com,UPDATE,2024-10-04 07:00:47
aRrtQbOU@ya.ru,UPDATE,2024-10-04 10:19:13
MTWclDOxHHze@mail.ru,READ,2024-10-04 18:05:08
HXUpEZKfqjg@gmail.com,UPDATE,2024-10-04 01:48:46
kbLqOqJVL@gmail.com,DELETE,2024-10-04 07:10:43
FFkWUG@gmail.com,CREATE,2024-10-04 05:55:30
WSbGEouWSRK@ya.ru,READ,2024-10-04 15:20:41
WSbGEouWSRK@ya.ru,CREATE,2024-10-04 10:18:43
HXUpEZKfqjg@gmail.com,READ,2024-10-04 04:12:19
qeRSs@gmail.com,UPDATE,2024-10-04 07:57:01
kbLqOqJVL@gmail.com,UPDATE,2024-10-04 11:32:20
FFkWUG@gmail.com,UPDATE,2024-10-04 02:37:26
aRrtQbOU@ya.ru,DELETE,2024-10-04 18:57:13
MTWclDOxHHze@mail.ru,UPDATE,2024-10-04 23:29:19
aRrtQbOU@ya.ru,READ,2024-10-04 19:48:34
HXUpEZKfqjg@gmail.com,DELETE,2024-10-04 00:39:43
aRrtQbOU@ya.ru,DELETE,2024-10-04 23:09:34
aRSCyKfPTcYCY@ya.ru,UPDATE,2024-10-04 22:11:14
qeRSs@gmail.com,READ,2024-10-04 21:30:27
HXUpEZKfqjg@gmail.com,READ,2024-10-04 14:58:02
HXUpEZKfqjg@gmail.com,DELETE,2024-10-04 15:46:32
qeRSs@gmail.com,CREATE,2024-10-04 13:49:49
aRSCyKfPTcYCY@ya.ru,DELETE,2024-10-04 10:03:07
MTWclDOxHHze@mail.ru,DELETE,2024-10-04 12:14:54
MTWclDOxHHze@mail.ru,UPDATE,2024-10-04 23:10:30
MTWclDOxHHze@mail.ru,READ,2024-10-04 11:33:20
rAKOlO@gmail.com,READ,2024-10-04 17:59:24
WSbGEouWSRK@ya.ru,READ,2024-10-04 12:04:01
HXUpEZKfqjg@gmail.com,DELETE,2024-10-04 17:00:37
qeRSs@gmail.com,CREATE,2024-10-04 15:35:15
rAKOlO@gmail.com,DELETE,2024-10-04 04:50:33
HXUpEZKfqjg@gmail.com,UPDATE,2024-10-04 08:58:59
kbLqOqJVL@gmail.com,CREATE,2024-10-04 20:31:39
WSbGEouWSRK@ya.ru,CREATE,2024-10-04 06:44:41
DWYlWGvum@gmail.com,DELETE,2024-10-04 19:04:36
aRrtQbOU@ya.ru,DELETE,2024-10-04 00:55:42
aRrtQbOU@ya.ru,DELETE,2024-10-04 01:03:46
DWYlWGvum@gmail.com,CREATE,2024-10-04 18:48:40
DWYlWGvum@gmail.com,DELETE,2024-10-04 02:36:12
HXUpEZKfqjg@gmail.com,CREATE,2024-10-04 03:31:45
FFkWUG@gmail.com,DELETE,2024-10-04 03:59:17
MTWclDOxHHze@mail.ru,CREATE,2024-10-04 03:08:32
qeRSs@gmail.com,UPDATE,2024-10-04 02:26:40
HXUpEZKfqjg@gmail.com,DELETE,2024-10-04 18:53:59
kbLqOqJVL@gmail.com,CREATE,2024-10-04 23:53:44
kbLqOqJVL@gmail.com,READ,2024-10-04 18:18:00
kbLqOqJVL@gmail.com,CREATE,2024-10-04 04:31:39
HXUpEZKfqjg@gmail.com,READ,2024-10-04 20:32:43
aRSCyKfPTcYCY@ya.ru,CREATE,2024-10-04 15:53:12
HXUpEZKfqjg@gmail.com,UPDATE,2024-10-04 07:40:48
kbLqOqJVL@gmail.com,CREATE,2024-10-04 08:36:15
WSbGEouWSRK@ya.ru,CREATE,2024-10-04 21:29:38
DWYlWGvum@gmail.com,DELETE,2024-10-04 14:02:23
HXUpEZKfqjg@gmail.com,UPDATE,2024-10-04 19:17:21
kbLqOqJVL@gmail.com,DELETE,2024-10-04 04:53:42
kbLqOqJVL@gmail.com,DELETE,2024-10-04 07:16:46
rAKOlO@gmail.com,READ,2024-10-04 03:34:31
MTWclDOxHHze@mail.ru,CREATE,2024-10-04 02:19:50
FFkWUG@gmail.com,UPDATE,2024-10-04 23:29:53
WSbGEouWSRK@ya.ru,READ,2024-10-04 20:43:41
aRSCyKfPTcYCY@ya.ru,DELETE,2024-10-04 00:33:00
qeRSs@gmail.com,CREATE,2024-10-04 11:44:35
aRSCyKfPTcYCY@ya.ru,UPDATE,2024-10-04 08:23:49
HXUpEZKfqjg@gmail.com,CREATE,2024-10-04 20:07:02
qeRSs@gmail.com,DELETE,2024-10-04 03:20:14
rAKOlO@gmail.com,UPDATE,2024-10-04 00:16:14
DWYlWGvum@gmail.com,DELETE,2024-10-04 03:56:36
rAKOlO@gmail.com,READ,2024-10-04 21:35:22
aRSCyKfPTcYCY@ya.ru,READ,2024-10-04 20:04:01
kbLqOqJVL@gmail.com,DELETE,2024-10-04 12:39:50
aRrtQbOU@ya.ru,DELETE,2024-10-04 00:09:51
FFkWUG@gmail.com,DELETE,2024-10-04 06:25:04
kbLqOqJVL@gmail.com,CREATE,2024-10-04 00:57:34
kbLqOqJVL@gmail.com,DELETE,2024-10-04 12:37:01
qeRSs@gmail.com,UPDATE,2024-10-04 10:27:51
rAKOlO@gmail.com,UPDATE,2024-10-04 03:36:57
HXUpEZKfqjg@gmail.com,DELETE,2024-10-04 22:52:38
rAKOlO@gmail.com,UPDATE,2024-10-04 22:16:25
MTWclDOxHHze@mail.ru,DELETE,2024-10-04 13:30:31
DWYlWGvum@gmail.com,UPDATE,2024-10-04 14:49:42
DWYlWGvum@gmail.com,READ,2024-10-04 08:46:37
qeRSs@gmail.com,CREATE,2024-10-04 19:26:16
qeRSs@gmail.com,CREATE,2024-10-04 03:03:53
aRrtQbOU@ya.ru,DELETE,2024-10-04 08:06:02
DWYlWGvum@gmail.com,CREATE,2024-10-04 13:21:28
MTWclDOxHHze@mail.ru,UPDATE,2024-10-04 11:54:13
WSbGEouWSRK@ya.ru,UPDATE,2024-10-04 05:28:21
aRrtQbOU@ya.ru,CREATE,2024-10-04 01:34:23
aRSCyKfPTcYCY@ya.ru,CREATE,2024-10-04 09:43:57
qeRSs@gmail.com,UPDATE,2024-10-04 03:26:15
qeRSs@gmail.com,CREATE,2024-10-04 15:28:53
qeRSs@gmail.com,READ,2024-10-04 11:22:48
FFkWUG@gmail.com,UPDATE,2024-10-04 18:32:50
HXUpEZKfqjg@gmail.com,READ,2024-10-04 07:04:15
qeRSs@gmail.com,DELETE,2024-10-04 05:12:30
aRSCyKfPTcYCY@ya.ru,CREATE,2024-10-04 21:48:15
WSbGEouWSRK@ya.ru,DELETE,2024-10-04 14:59:33
rAKOlO@gmail.com,CREATE,2024-10-04 22:09:36
DWYlWGvum@gmail.com,READ,2024-10-04 09:46:14
aRrtQbOU@ya.ru,DELETE,2024-10-04 05:35:44
aRSCyKfPTcYCY@ya.ru,READ,2024-10-04 16:21:23
FFkWUG@gmail.com,UPDATE,2024-10-04 14:12:45
FFkWUG@gmail.com,READ,2024-10-04 03:27:31
qeRSs@gmail.com,READ,2024-10-04 05:10:43
FFkWUG@gmail.com,CREATE,2024-10-04 19:38:19
FFkWUG@gmail.com,UPDATE,2024-10-04 23:12:12
aRSCyKfPTcYCY@ya.ru,READ,2024-10-04 11:27:52
aRSCyKfPTcYCY@ya.ru,DELETE,2024-10-04 14:15:32
HXUpEZKfqjg@gmail.com,DELETE,2024-10-04 23:48:49
MTWclDOxHHze@mail.ru,CREATE,2024-10-04 21:20:14
MTWclDOxHHze@mail.ru,READ,2024-10-04 09:25:13
DWYlWGvum@gmail.com,UPDATE,2024-10-04 03:16:16
aRSCyKfPTcYCY@ya.ru,READ,2024-10-04 20:37:29
MTWclDOxHHze@mail.ru,DELETE,2024-10-04 13:06:28
DWYlWGvum@gmail.com,DELETE,2024-10-04 18:24:37
aRrtQbOU@ya.ru,READ,2024-10-04 02:32:43
kbLqOqJVL@gmail.com,READ,2024-10-04 15:15:39
DWYlWGvum@gmail.com,CREATE,2024-10-04 11:30:26
HXUpEZKfqjg@gmail.com,CREATE,2024-10-04 00:24:40
qeRSs@gmail.com,UPDATE,2024-10-04 00:58:07
kbLqOqJVL@gmail.com,CREATE,2024-10-04 20:21:25
HXUpEZKfqjg@gmail.com,DELETE,2024-10-04 10:17:26
aRSCyKfPTcYCY@ya.ru,UPDATE,2024-10-04 13:27:51
MTWclDOxHHze@mail.ru,DELETE,2024-10-04 16:02:52
rAKOlO@gmail.com,CREATE,2024-10-04 03:18:26
kbLqOqJVL@gmail.com,DELETE,2024-10-04 07:56:49
aRrtQbOU@ya.ru,READ,2024-10-04 15:01:51
kbLqOqJVL@gmail.com,UPDATE,2024-10-04 07:20:51
HXUpEZKfqjg@gmail.com,READ,2024-10-04 20:53:12
FFkWUG@gmail.com,CREATE,2024-10-04 12:04:34
DWYlWGvum@gmail.com,DELETE,2024-10-04 05:11:37
aRrtQbOU@ya.ru,UPDATE,2024-10-04 04:54:37
aRSCyKfPTcYCY@ya.ru,READ,2024-10-04 12:54:52
HXUpEZKfqjg@gmail.com,UPDATE,2024-10-04 16:27:27
WSbGEouWSRK@ya.ru,CREATE,2024-10-04 09:23:39
kbLqOqJVL@gmail.com,CREATE,2024-10-04 23:00:31
aRrtQbOU@ya.ru,DELETE,2024-10-04 20:58:51
FFkWUG@gmail.com,CREATE,2024-10-04 10:05:16
qeRSs@gmail.com,DELETE,2024-10-04 10:32:23
aRSCyKfPTcYCY@ya.ru,UPDATE,2024-10-04 16:18:37
aRSCyKfPTcYCY@ya.ru,DELETE,2024-10-04 06:58:08
WSbGEouWSRK@ya.ru,UPDATE,2024-10-04 07:26:58
kbLqOqJVL@gmail.com,UPDATE,2024-10-04 15:20:26
DWYlWGvum@gmail.com,CREATE,2024-10-04 06:36:38
aRrtQbOU@ya.ru,UPDATE,2024-10-04 06:44:31
qeRSs@gmail.com,DELETE,2024-10-04 22:37:05
WSbGEouWSRK@ya.ru,READ,2024-10-04 05:18:59
rAKOlO@gmail.com,READ,2024-10-04 18:15:44
aRrtQbOU@ya.ru,READ,2024-10-04 16:58:16
rAKOlO@gmail.com,DELETE,2024-10-04 14:21:53
FFkWUG@gmail.com,CREATE,2024-10-04 01:48:55
WSbGEouWSRK@ya.ru,CREATE,2024-10-04 09:45:01
aRSCyKfPTcYCY@ya.ru,CREATE,2024-10-04 15:08:17
DWYlWGvum@gmail.com,DELETE,2024-10-04 07:55:42
DWYlWGvum@gmail.com,DELETE,2024-10-04 08:50:25
WSbGEouWSRK@ya.ru,UPDATE,2024-10-04 04:53:07
aRrtQbOU@ya.ru,READ,2024-10-04 14:21:08
FFkWUG@gmail.com,DELETE,2024-10-04 02:46:44
DWYlWGvum@gmail.com,UPDATE,2024-10-04 20:28:02
aRrtQbOU@ya.ru,READ,2024-10-04 16:53:01
kbLqOqJVL@gmail.com,READ,2024-10-04 19:50:04